"Lon","Lat","Week_Number","Chl","Pos_ID","distanza_segmento","distanza_cumulata"
13.583,45.729,1,0.353305459022522,68,0.0410000000000021,3.20526467667112
13.583,45.729,2,0.446760833263397,68,0.0410000000000021,3.20526467667112
13.583,45.729,3,0.556404888629913,68,0.0410000000000021,3.20526467667112
13.583,45.729,4,0.660673916339874,68,0.0410000000000021,3.20526467667112
13.583,45.729,5,0.504937469959259,68,0.0410000000000021,3.20526467667112
13.583,45.729,6,0.398218154907227,68,0.0410000000000021,3.20526467667112
13.583,45.729,7,0.499795973300934,68,0.0410000000000021,3.20526467667112
13.583,45.729,8,0.35502889752388,68,0.0410000000000021,3.20526467667112
13.583,45.729,9,0.36969929933548,68,0.0410000000000021,3.20526467667112
13.583,45.729,10,0.481884181499481,68,0.0410000000000021,3.20526467667112
13.583,45.729,11,0.516169250011444,68,0.0410000000000021,3.20526467667112
13.583,45.729,12,0.593008577823639,68,0.0410000000000021,3.20526467667112
13.583,45.729,13,0.443658500909805,68,0.0410000000000021,3.20526467667112
13.583,45.729,14,0.366968810558319,68,0.0410000000000021,3.20526467667112
13.583,45.729,15,0.510662734508514,68,0.0410000000000021,3.20526467667112
13.583,45.729,16,0.507673740386963,68,0.0410000000000021,3.20526467667112
13.583,45.729,17,0.837477147579193,68,0.0410000000000021,3.20526467667112
13.583,45.729,18,1.20179843902588,68,0.0410000000000021,3.20526467667112
13.583,45.729,19,1.44783997535706,68,0.0410000000000021,3.20526467667112
13.583,45.729,20,1.30545687675476,68,0.0410000000000021,3.20526467667112
13.583,45.729,21,1.08503091335297,68,0.0410000000000021,3.20526467667112
13.583,45.729,22,1.54555189609528,68,0.0410000000000021,3.20526467667112
13.583,45.729,23,1.32321178913116,68,0.0410000000000021,3.20526467667112
13.583,45.729,24,1.02948462963104,68,0.0410000000000021,3.20526467667112
13.583,45.729,25,0.945478796958923,68,0.0410000000000021,3.20526467667112
13.583,45.729,26,0.790334045886993,68,0.0410000000000021,3.20526467667112
13.583,45.729,27,1.04065334796906,68,0.0410000000000021,3.20526467667112
13.583,45.729,28,0.948049068450928,68,0.0410000000000021,3.20526467667112
13.583,45.729,29,0.833083927631378,68,0.0410000000000021,3.20526467667112
13.583,45.729,30,0.83849424123764,68,0.0410000000000021,3.20526467667112
13.583,45.729,31,0.422021150588989,68,0.0410000000000021,3.20526467667112
13.583,45.729,32,0.790189027786255,68,0.0410000000000021,3.20526467667112
13.583,45.729,33,1.24182343482971,68,0.0410000000000021,3.20526467667112
13.583,45.729,34,0.790241956710815,68,0.0410000000000021,3.20526467667112
13.583,45.729,35,0.750248968601227,68,0.0410000000000021,3.20526467667112
13.583,45.729,36,0.831503868103027,68,0.0410000000000021,3.20526467667112
13.583,45.729,37,0.523715019226074,68,0.0410000000000021,3.20526467667112
13.583,45.729,38,0.40857195854187,68,0.0410000000000021,3.20526467667112
13.583,45.729,39,0.243524998426437,68,0.0410000000000021,3.20526467667112
13.583,45.729,40,0.525118350982666,68,0.0410000000000021,3.20526467667112
13.583,45.729,41,0.575160384178162,68,0.0410000000000021,3.20526467667112
13.583,45.729,42,0.461983352899551,68,0.0410000000000021,3.20526467667112
13.583,45.729,43,0.45946928858757,68,0.0410000000000021,3.20526467667112
13.583,45.729,44,0.807249307632446,68,0.0410000000000021,3.20526467667112
13.583,45.729,45,0.964200854301453,68,0.0410000000000021,3.20526467667112
13.583,45.729,46,1.05546891689301,68,0.0410000000000021,3.20526467667112
13.583,45.729,47,1.23515963554382,68,0.0410000000000021,3.20526467667112
13.583,45.729,48,1.28159117698669,68,0.0410000000000021,3.20526467667112
13.583,45.729,49,1.07300138473511,68,0.0410000000000021,3.20526467667112
13.583,45.729,50,0.9543776512146,68,0.0410000000000021,3.20526467667112
13.583,45.729,51,0.674223780632019,68,0.0410000000000021,3.20526467667112
13.583,45.729,52,0.482434749603271,68,0.0410000000000021,3.20526467667112
13.583,45.729,53,0.396333962678909,68,0.0410000000000021,3.20526467667112
13.333,45.646,1,0.34195351600647,62,0.0586941223633232,2.92087643194449
13.333,45.646,2,0.398291409015656,62,0.0586941223633232,2.92087643194449
13.333,45.646,3,0.572791159152985,62,0.0586941223633232,2.92087643194449
13.333,45.646,4,0.841425657272339,62,0.0586941223633232,2.92087643194449
13.333,45.646,5,0.424181699752808,62,0.0586941223633232,2.92087643194449
13.333,45.646,6,0.366121113300323,62,0.0586941223633232,2.92087643194449
13.333,45.646,7,0.588792264461517,62,0.0586941223633232,2.92087643194449
13.333,45.646,8,0.510856568813324,62,0.0586941223633232,2.92087643194449
13.333,45.646,9,0.570586919784546,62,0.0586941223633232,2.92087643194449
13.333,45.646,10,0.601913094520569,62,0.0586941223633232,2.92087643194449
13.333,45.646,11,0.480019450187683,62,0.0586941223633232,2.92087643194449
13.333,45.646,12,0.395449221134186,62,0.0586941223633232,2.92087643194449
13.333,45.646,13,0.568608582019806,62,0.0586941223633232,2.92087643194449
13.333,45.646,14,0.54984176158905,62,0.0586941223633232,2.92087643194449
13.333,45.646,15,0.363333314657211,62,0.0586941223633232,2.92087643194449
13.333,45.646,16,0.382415056228638,62,0.0586941223633232,2.92087643194449
13.333,45.646,17,0.607073724269867,62,0.0586941223633232,2.92087643194449
13.333,45.646,18,0.621150314807892,62,0.0586941223633232,2.92087643194449
13.333,45.646,19,0.952365636825562,62,0.0586941223633232,2.92087643194449
13.333,45.646,20,0.982815980911255,62,0.0586941223633232,2.92087643194449
13.333,45.646,21,1.02943301200867,62,0.0586941223633232,2.92087643194449
13.333,45.646,22,1.05390846729279,62,0.0586941223633232,2.92087643194449
13.333,45.646,23,1.14402294158936,62,0.0586941223633232,2.92087643194449
13.333,45.646,24,1.41177403926849,62,0.0586941223633232,2.92087643194449
13.333,45.646,25,1.14381587505341,62,0.0586941223633232,2.92087643194449
13.333,45.646,26,1.03264141082764,62,0.0586941223633232,2.92087643194449
13.333,45.646,27,1.04052150249481,62,0.0586941223633232,2.92087643194449
13.333,45.646,28,1.01750731468201,62,0.0586941223633232,2.92087643194449
13.333,45.646,29,0.892610967159271,62,0.0586941223633232,2.92087643194449
13.333,45.646,30,0.956450760364532,62,0.0586941223633232,2.92087643194449
13.333,45.646,31,0.42677691578865,62,0.0586941223633232,2.92087643194449
13.333,45.646,32,0.830424070358276,62,0.0586941223633232,2.92087643194449
13.333,45.646,33,1.06317734718323,62,0.0586941223633232,2.92087643194449
13.333,45.646,34,0.95402067899704,62,0.0586941223633232,2.92087643194449
13.333,45.646,35,0.756592571735382,62,0.0586941223633232,2.92087643194449
13.333,45.646,36,0.675660967826843,62,0.0586941223633232,2.92087643194449
13.333,45.646,37,0.532878220081329,62,0.0586941223633232,2.92087643194449
13.333,45.646,38,0.505508005619049,62,0.0586941223633232,2.92087643194449
13.333,45.646,39,0.260392099618912,62,0.0586941223633232,2.92087643194449
13.333,45.646,40,0.539123237133026,62,0.0586941223633232,2.92087643194449
13.333,45.646,41,0.553697228431702,62,0.0586941223633232,2.92087643194449
13.333,45.646,42,0.38265860080719,62,0.0586941223633232,2.92087643194449
13.333,45.646,43,0.48432058095932,62,0.0586941223633232,2.92087643194449
13.333,45.646,44,0.644931495189667,62,0.0586941223633232,2.92087643194449
13.333,45.646,45,0.751271724700928,62,0.0586941223633232,2.92087643194449
13.333,45.646,46,0.876201272010803,62,0.0586941223633232,2.92087643194449
13.333,45.646,47,0.979710102081299,62,0.0586941223633232,2.92087643194449
13.333,45.646,48,0.944286406040192,62,0.0586941223633232,2.92087643194449
13.333,45.646,49,1.0768256187439,62,0.0586941223633232,2.92087643194449
13.333,45.646,50,0.920685291290283,62,0.0586941223633232,2.92087643194449
13.333,45.646,51,0.632173478603363,62,0.0586941223633232,2.92087643194449
13.333,45.646,52,0.594692528247833,62,0.0586941223633232,2.92087643194449
13.333,45.646,53,0.447910487651825,62,0.0586941223633232,2.92087643194449
13.417,45.646,1,0.291983485221863,64,0.0420000000000016,3.00487643194449
13.417,45.646,2,0.402011722326279,64,0.0420000000000016,3.00487643194449
13.417,45.646,3,0.528113901615143,64,0.0420000000000016,3.00487643194449
13.417,45.646,4,0.699458837509155,64,0.0420000000000016,3.00487643194449
13.417,45.646,5,0.433595657348633,64,0.0420000000000016,3.00487643194449
13.417,45.646,6,0.317954391241074,64,0.0420000000000016,3.00487643194449
13.417,45.646,7,0.448542982339859,64,0.0420000000000016,3.00487643194449
13.417,45.646,8,0.358711689710617,64,0.0420000000000016,3.00487643194449
13.417,45.646,9,0.444966793060303,64,0.0420000000000016,3.00487643194449
13.417,45.646,10,0.480821967124939,64,0.0420000000000016,3.00487643194449
13.417,45.646,11,0.391637206077576,64,0.0420000000000016,3.00487643194449
13.417,45.646,12,0.285007238388062,64,0.0420000000000016,3.00487643194449
13.417,45.646,13,0.523907840251923,64,0.0420000000000016,3.00487643194449
13.417,45.646,14,0.468062192201614,64,0.0420000000000016,3.00487643194449
13.417,45.646,15,0.311899363994598,64,0.0420000000000016,3.00487643194449
13.417,45.646,16,0.32854813337326,64,0.0420000000000016,3.00487643194449
13.417,45.646,17,0.519574522972107,64,0.0420000000000016,3.00487643194449
13.417,45.646,18,0.544501066207886,64,0.0420000000000016,3.00487643194449
13.417,45.646,19,0.999380350112915,64,0.0420000000000016,3.00487643194449
13.417,45.646,20,0.862694561481476,64,0.0420000000000016,3.00487643194449
13.417,45.646,21,1.02785980701447,64,0.0420000000000016,3.00487643194449
13.417,45.646,22,1.09958636760712,64,0.0420000000000016,3.00487643194449
13.417,45.646,23,1.19299566745758,64,0.0420000000000016,3.00487643194449
13.417,45.646,24,1.23825478553772,64,0.0420000000000016,3.00487643194449
13.417,45.646,25,0.955672740936279,64,0.0420000000000016,3.00487643194449
13.417,45.646,26,0.856233954429626,64,0.0420000000000016,3.00487643194449
13.417,45.646,27,0.914299428462982,64,0.0420000000000016,3.00487643194449
13.417,45.646,28,0.935466110706329,64,0.0420000000000016,3.00487643194449
13.417,45.646,29,0.825064897537231,64,0.0420000000000016,3.00487643194449
13.417,45.646,30,0.855826258659363,64,0.0420000000000016,3.00487643194449
13.417,45.646,31,0.42591267824173,64,0.0420000000000016,3.00487643194449
13.417,45.646,32,0.838316857814789,64,0.0420000000000016,3.00487643194449
13.417,45.646,33,1.06228220462799,64,0.0420000000000016,3.00487643194449
13.417,45.646,34,0.970643281936646,64,0.0420000000000016,3.00487643194449
13.417,45.646,35,0.707934081554413,64,0.0420000000000016,3.00487643194449
13.417,45.646,36,0.695871770381927,64,0.0420000000000016,3.00487643194449
13.417,45.646,37,0.518567502498627,64,0.0420000000000016,3.00487643194449
13.417,45.646,38,0.439475566148758,64,0.0420000000000016,3.00487643194449
13.417,45.646,39,0.248808860778809,64,0.0420000000000016,3.00487643194449
13.417,45.646,40,0.500437915325165,64,0.0420000000000016,3.00487643194449
13.417,45.646,41,0.500482976436615,64,0.0420000000000016,3.00487643194449
13.417,45.646,42,0.360283523797989,64,0.0420000000000016,3.00487643194449
13.417,45.646,43,0.434067159891129,64,0.0420000000000016,3.00487643194449
13.417,45.646,44,0.634364187717438,64,0.0420000000000016,3.00487643194449
13.417,45.646,45,0.743787050247192,64,0.0420000000000016,3.00487643194449
13.417,45.646,46,0.870919585227966,64,0.0420000000000016,3.00487643194449
13.417,45.646,47,0.996696352958679,64,0.0420000000000016,3.00487643194449
13.417,45.646,48,0.949169218540192,64,0.0420000000000016,3.00487643194449
13.417,45.646,49,1.07510089874268,64,0.0420000000000016,3.00487643194449
13.417,45.646,50,0.906741499900818,64,0.0420000000000016,3.00487643194449
13.417,45.646,51,0.568064570426941,64,0.0420000000000016,3.00487643194449
13.417,45.646,52,0.531705737113953,64,0.0420000000000016,3.00487643194449
13.417,45.646,53,0.418314874172211,64,0.0420000000000016,3.00487643194449
12.875,45.563,1,0.534489512443542,51,0.0420000000000016,2.3936942479785
12.875,45.563,2,0.640895307064056,51,0.0420000000000016,2.3936942479785
12.875,45.563,3,0.845616221427917,51,0.0420000000000016,2.3936942479785
12.875,45.563,4,0.669610977172852,51,0.0420000000000016,2.3936942479785
12.875,45.563,5,0.521758377552032,51,0.0420000000000016,2.3936942479785
12.875,45.563,6,0.346005976200104,51,0.0420000000000016,2.3936942479785
12.875,45.563,7,0.514789402484894,51,0.0420000000000016,2.3936942479785
12.875,45.563,8,0.635761857032776,51,0.0420000000000016,2.3936942479785
12.875,45.563,9,0.564232528209686,51,0.0420000000000016,2.3936942479785
12.875,45.563,10,0.638607025146484,51,0.0420000000000016,2.3936942479785
12.875,45.563,11,0.64115297794342,51,0.0420000000000016,2.3936942479785
12.875,45.563,12,0.597021520137787,51,0.0420000000000016,2.3936942479785
12.875,45.563,13,0.712751626968384,51,0.0420000000000016,2.3936942479785
12.875,45.563,14,0.74817967414856,51,0.0420000000000016,2.3936942479785
12.875,45.563,15,0.439152747392654,51,0.0420000000000016,2.3936942479785
12.875,45.563,16,0.391049057245255,51,0.0420000000000016,2.3936942479785
12.875,45.563,17,0.617588996887207,51,0.0420000000000016,2.3936942479785
12.875,45.563,18,0.647076785564423,51,0.0420000000000016,2.3936942479785
12.875,45.563,19,0.781894266605377,51,0.0420000000000016,2.3936942479785
12.875,45.563,20,0.767768979072571,51,0.0420000000000016,2.3936942479785
12.875,45.563,21,0.783068120479584,51,0.0420000000000016,2.3936942479785
12.875,45.563,22,0.933341026306152,51,0.0420000000000016,2.3936942479785
12.875,45.563,23,0.863864183425903,51,0.0420000000000016,2.3936942479785
12.875,45.563,24,1.07655262947083,51,0.0420000000000016,2.3936942479785
12.875,45.563,25,1.01302564144135,51,0.0420000000000016,2.3936942479785
12.875,45.563,26,0.96806275844574,51,0.0420000000000016,2.3936942479785
12.875,45.563,27,0.971771061420441,51,0.0420000000000016,2.3936942479785
12.875,45.563,28,0.858894228935242,51,0.0420000000000016,2.3936942479785
12.875,45.563,29,0.851323843002319,51,0.0420000000000016,2.3936942479785
12.875,45.563,30,0.945952653884888,51,0.0420000000000016,2.3936942479785
12.875,45.563,31,0.454592078924179,51,0.0420000000000016,2.3936942479785
12.875,45.563,32,0.768245756626129,51,0.0420000000000016,2.3936942479785
12.875,45.563,33,0.949035286903381,51,0.0420000000000016,2.3936942479785
12.875,45.563,34,0.926785588264465,51,0.0420000000000016,2.3936942479785
12.875,45.563,35,0.88267570734024,51,0.0420000000000016,2.3936942479785
12.875,45.563,36,0.681562066078186,51,0.0420000000000016,2.3936942479785
12.875,45.563,37,0.48392242193222,51,0.0420000000000016,2.3936942479785
12.875,45.563,38,0.389769852161407,51,0.0420000000000016,2.3936942479785
12.875,45.563,39,0.259802758693695,51,0.0420000000000016,2.3936942479785
12.875,45.563,40,0.659387171268463,51,0.0420000000000016,2.3936942479785
12.875,45.563,41,0.605164051055908,51,0.0420000000000016,2.3936942479785
12.875,45.563,42,0.422073006629944,51,0.0420000000000016,2.3936942479785
12.875,45.563,43,0.434985429048538,51,0.0420000000000016,2.3936942479785
12.875,45.563,44,0.538169622421265,51,0.0420000000000016,2.3936942479785
12.875,45.563,45,0.669619262218475,51,0.0420000000000016,2.3936942479785
12.875,45.563,46,0.791540741920471,51,0.0420000000000016,2.3936942479785
12.875,45.563,47,0.862492501735687,51,0.0420000000000016,2.3936942479785
12.875,45.563,48,0.879874229431152,51,0.0420000000000016,2.3936942479785
12.875,45.563,49,1.04526770114899,51,0.0420000000000016,2.3936942479785
12.875,45.563,50,0.999670326709747,51,0.0420000000000016,2.3936942479785
12.875,45.563,51,0.708338379859924,51,0.0420000000000016,2.3936942479785
12.875,45.563,52,0.507467985153198,51,0.0420000000000016,2.3936942479785
12.875,45.563,53,0.552376747131348,51,0.0420000000000016,2.3936942479785
13.583,45.563,1,0.172866269946098,76,0.0419999999999998,3.57323018878572
13.583,45.563,2,0.304468780755997,76,0.0419999999999998,3.57323018878572
13.583,45.563,3,0.340691983699799,76,0.0419999999999998,3.57323018878572
13.583,45.563,4,0.35981759428978,76,0.0419999999999998,3.57323018878572
13.583,45.563,5,0.275905609130859,76,0.0419999999999998,3.57323018878572
13.583,45.563,6,0.221231997013092,76,0.0419999999999998,3.57323018878572
13.583,45.563,7,0.294880509376526,76,0.0419999999999998,3.57323018878572
13.583,45.563,8,0.187763124704361,76,0.0419999999999998,3.57323018878572
13.583,45.563,9,0.228820458054543,76,0.0419999999999998,3.57323018878572
13.583,45.563,10,0.331600725650787,76,0.0419999999999998,3.57323018878572
13.583,45.563,11,0.216533347964287,76,0.0419999999999998,3.57323018878572
13.583,45.563,12,0.389593541622162,76,0.0419999999999998,3.57323018878572
13.583,45.563,13,0.31823393702507,76,0.0419999999999998,3.57323018878572
13.583,45.563,14,0.254208296537399,76,0.0419999999999998,3.57323018878572
13.583,45.563,15,0.242185115814209,76,0.0419999999999998,3.57323018878572
13.583,45.563,16,0.21821640431881,76,0.0419999999999998,3.57323018878572
13.583,45.563,17,0.282572209835052,76,0.0419999999999998,3.57323018878572
13.583,45.563,18,0.37013766169548,76,0.0419999999999998,3.57323018878572
13.583,45.563,19,0.68144702911377,76,0.0419999999999998,3.57323018878572
13.583,45.563,20,0.499234616756439,76,0.0419999999999998,3.57323018878572
13.583,45.563,21,0.488216817378998,76,0.0419999999999998,3.57323018878572
13.583,45.563,22,0.946071565151215,76,0.0419999999999998,3.57323018878572
13.583,45.563,23,0.852778196334839,76,0.0419999999999998,3.57323018878572
13.583,45.563,24,0.785699784755707,76,0.0419999999999998,3.57323018878572
13.583,45.563,25,0.720377445220947,76,0.0419999999999998,3.57323018878572
13.583,45.563,26,0.615195155143738,76,0.0419999999999998,3.57323018878572
13.583,45.563,27,0.642860233783722,76,0.0419999999999998,3.57323018878572
13.583,45.563,28,0.777744770050049,76,0.0419999999999998,3.57323018878572
13.583,45.563,29,0.696414828300476,76,0.0419999999999998,3.57323018878572
13.583,45.563,30,0.738380193710327,76,0.0419999999999998,3.57323018878572
13.583,45.563,31,0.410306692123413,76,0.0419999999999998,3.57323018878572
13.583,45.563,32,0.695137143135071,76,0.0419999999999998,3.57323018878572
13.583,45.563,33,0.935502529144287,76,0.0419999999999998,3.57323018878572
13.583,45.563,34,0.665628492832184,76,0.0419999999999998,3.57323018878572
13.583,45.563,35,0.629653811454773,76,0.0419999999999998,3.57323018878572
13.583,45.563,36,0.668629467487335,76,0.0419999999999998,3.57323018878572
13.583,45.563,37,0.443815380334854,76,0.0419999999999998,3.57323018878572
13.583,45.563,38,0.348925322294235,76,0.0419999999999998,3.57323018878572
13.583,45.563,39,0.248286604881287,76,0.0419999999999998,3.57323018878572
13.583,45.563,40,0.401005208492279,76,0.0419999999999998,3.57323018878572
13.583,45.563,41,0.355629056692123,76,0.0419999999999998,3.57323018878572
13.583,45.563,42,0.278047531843185,76,0.0419999999999998,3.57323018878572
13.583,45.563,43,0.324875950813293,76,0.0419999999999998,3.57323018878572
13.583,45.563,44,0.600093364715576,76,0.0419999999999998,3.57323018878572
13.583,45.563,45,0.624358296394348,76,0.0419999999999998,3.57323018878572
13.583,45.563,46,0.682100415229797,76,0.0419999999999998,3.57323018878572
13.583,45.563,47,0.804649829864502,76,0.0419999999999998,3.57323018878572
13.583,45.563,48,0.956888198852539,76,0.0419999999999998,3.57323018878572
13.583,45.563,49,0.719304323196411,76,0.0419999999999998,3.57323018878572
13.583,45.563,50,0.644873082637787,76,0.0419999999999998,3.57323018878572
13.583,45.563,51,0.389424085617065,76,0.0419999999999998,3.57323018878572
13.583,45.563,52,0.349803984165192,76,0.0419999999999998,3.57323018878572
13.583,45.563,53,0.273273944854736,76,0.0419999999999998,3.57323018878572
13.625,45.563,1,0.163839161396027,75,0.0419999999999998,3.53123018878572
13.625,45.563,2,0.302593767642975,75,0.0419999999999998,3.53123018878572
13.625,45.563,3,0.311087101697922,75,0.0419999999999998,3.53123018878572
13.625,45.563,4,0.367556482553482,75,0.0419999999999998,3.53123018878572
13.625,45.563,5,0.256243824958801,75,0.0419999999999998,3.53123018878572
13.625,45.563,6,0.214913055300713,75,0.0419999999999998,3.53123018878572
13.625,45.563,7,0.283717930316925,75,0.0419999999999998,3.53123018878572
13.625,45.563,8,0.179858043789864,75,0.0419999999999998,3.53123018878572
13.625,45.563,9,0.201663449406624,75,0.0419999999999998,3.53123018878572
13.625,45.563,10,0.31336510181427,75,0.0419999999999998,3.53123018878572
13.625,45.563,11,0.214823052287102,75,0.0419999999999998,3.53123018878572
13.625,45.563,12,0.362685024738312,75,0.0419999999999998,3.53123018878572
13.625,45.563,13,0.278153330087662,75,0.0419999999999998,3.53123018878572
13.625,45.563,14,0.222511485219002,75,0.0419999999999998,3.53123018878572
13.625,45.563,15,0.196096181869507,75,0.0419999999999998,3.53123018878572
13.625,45.563,16,0.196520119905472,75,0.0419999999999998,3.53123018878572
13.625,45.563,17,0.313296765089035,75,0.0419999999999998,3.53123018878572
13.625,45.563,18,0.435102820396423,75,0.0419999999999998,3.53123018878572
13.625,45.563,19,0.877791166305542,75,0.0419999999999998,3.53123018878572
13.625,45.563,20,0.628547668457031,75,0.0419999999999998,3.53123018878572
13.625,45.563,21,0.566511690616608,75,0.0419999999999998,3.53123018878572
13.625,45.563,22,1.08120703697205,75,0.0419999999999998,3.53123018878572
13.625,45.563,23,0.988903045654297,75,0.0419999999999998,3.53123018878572
13.625,45.563,24,0.84598308801651,75,0.0419999999999998,3.53123018878572
13.625,45.563,25,0.749121367931366,75,0.0419999999999998,3.53123018878572
13.625,45.563,26,0.642680108547211,75,0.0419999999999998,3.53123018878572
13.625,45.563,27,0.697390198707581,75,0.0419999999999998,3.53123018878572
13.625,45.563,28,0.78699141740799,75,0.0419999999999998,3.53123018878572
13.625,45.563,29,0.699970722198486,75,0.0419999999999998,3.53123018878572
13.625,45.563,30,0.760885775089264,75,0.0419999999999998,3.53123018878572
13.625,45.563,31,0.409627109766006,75,0.0419999999999998,3.53123018878572
13.625,45.563,32,0.665489256381989,75,0.0419999999999998,3.53123018878572
13.625,45.563,33,1.04169166088104,75,0.0419999999999998,3.53123018878572
13.625,45.563,34,0.616824865341187,75,0.0419999999999998,3.53123018878572
13.625,45.563,35,0.649855315685272,75,0.0419999999999998,3.53123018878572
13.625,45.563,36,0.692342758178711,75,0.0419999999999998,3.53123018878572
13.625,45.563,37,0.438757598400116,75,0.0419999999999998,3.53123018878572
13.625,45.563,38,0.34602016210556,75,0.0419999999999998,3.53123018878572
13.625,45.563,39,0.248825237154961,75,0.0419999999999998,3.53123018878572
13.625,45.563,40,0.404581964015961,75,0.0419999999999998,3.53123018878572
13.625,45.563,41,0.360783100128174,75,0.0419999999999998,3.53123018878572
13.625,45.563,42,0.279066383838654,75,0.0419999999999998,3.53123018878572
13.625,45.563,43,0.307962685823441,75,0.0419999999999998,3.53123018878572
13.625,45.563,44,0.628723621368408,75,0.0419999999999998,3.53123018878572
13.625,45.563,45,0.715371549129486,75,0.0419999999999998,3.53123018878572
13.625,45.563,46,0.758011221885681,75,0.0419999999999998,3.53123018878572
13.625,45.563,47,0.939622163772583,75,0.0419999999999998,3.53123018878572
13.625,45.563,48,0.988337218761444,75,0.0419999999999998,3.53123018878572
13.625,45.563,49,0.713617444038391,75,0.0419999999999998,3.53123018878572
13.625,45.563,50,0.6251580119133,75,0.0419999999999998,3.53123018878572
13.625,45.563,51,0.405939936637878,75,0.0419999999999998,3.53123018878572
13.625,45.563,52,0.325937926769257,75,0.0419999999999998,3.53123018878572
13.625,45.563,53,0.255436956882477,75,0.0419999999999998,3.53123018878572
13.667,45.563,1,0.154675766825676,74,0.0579827560573012,3.48923018878572
13.667,45.563,2,0.29886469244957,74,0.0579827560573012,3.48923018878572
13.667,45.563,3,0.293166279792786,74,0.0579827560573012,3.48923018878572
13.667,45.563,4,0.36776340007782,74,0.0579827560573012,3.48923018878572
13.667,45.563,5,0.241064801812172,74,0.0579827560573012,3.48923018878572
13.667,45.563,6,0.209253370761871,74,0.0579827560573012,3.48923018878572
13.667,45.563,7,0.275686979293823,74,0.0579827560573012,3.48923018878572
13.667,45.563,8,0.171949788928032,74,0.0579827560573012,3.48923018878572
13.667,45.563,9,0.179881632328033,74,0.0579827560573012,3.48923018878572
13.667,45.563,10,0.298613131046295,74,0.0579827560573012,3.48923018878572
13.667,45.563,11,0.213800191879272,74,0.0579827560573012,3.48923018878572
13.667,45.563,12,0.3211430311203,74,0.0579827560573012,3.48923018878572
13.667,45.563,13,0.251732468605042,74,0.0579827560573012,3.48923018878572
13.667,45.563,14,0.191948503255844,74,0.0579827560573012,3.48923018878572
13.667,45.563,15,0.140489920973778,74,0.0579827560573012,3.48923018878572
13.667,45.563,16,0.173241823911667,74,0.0579827560573012,3.48923018878572
13.667,45.563,17,0.332228899002075,74,0.0579827560573012,3.48923018878572
13.667,45.563,18,0.475505918264389,74,0.0579827560573012,3.48923018878572
13.667,45.563,19,1.00680494308472,74,0.0579827560573012,3.48923018878572
13.667,45.563,20,0.723460674285889,74,0.0579827560573012,3.48923018878572
13.667,45.563,21,0.62298983335495,74,0.0579827560573012,3.48923018878572
13.667,45.563,22,1.16114568710327,74,0.0579827560573012,3.48923018878572
13.667,45.563,23,1.07880163192749,74,0.0579827560573012,3.48923018878572
13.667,45.563,24,0.884281158447266,74,0.0579827560573012,3.48923018878572
13.667,45.563,25,0.769145965576172,74,0.0579827560573012,3.48923018878572
13.667,45.563,26,0.662577688694,74,0.0579827560573012,3.48923018878572
13.667,45.563,27,0.738558888435364,74,0.0579827560573012,3.48923018878572
13.667,45.563,28,0.793606281280518,74,0.0579827560573012,3.48923018878572
13.667,45.563,29,0.700037717819214,74,0.0579827560573012,3.48923018878572
13.667,45.563,30,0.774723827838898,74,0.0579827560573012,3.48923018878572
13.667,45.563,31,0.410115540027618,74,0.0579827560573012,3.48923018878572
13.667,45.563,32,0.631178081035614,74,0.0579827560573012,3.48923018878572
13.667,45.563,33,1.08482825756073,74,0.0579827560573012,3.48923018878572
13.667,45.563,34,0.582351446151733,74,0.0579827560573012,3.48923018878572
13.667,45.563,35,0.659232437610626,74,0.0579827560573012,3.48923018878572
13.667,45.563,36,0.70140951871872,74,0.0579827560573012,3.48923018878572
13.667,45.563,37,0.433715879917145,74,0.0579827560573012,3.48923018878572
13.667,45.563,38,0.343301057815552,74,0.0579827560573012,3.48923018878572
13.667,45.563,39,0.249540761113167,74,0.0579827560573012,3.48923018878572
13.667,45.563,40,0.407131403684616,74,0.0579827560573012,3.48923018878572
13.667,45.563,41,0.362320363521576,74,0.0579827560573012,3.48923018878572
13.667,45.563,42,0.278804183006287,74,0.0579827560573012,3.48923018878572
13.667,45.563,43,0.293556392192841,74,0.0579827560573012,3.48923018878572
13.667,45.563,44,0.637158453464508,74,0.0579827560573012,3.48923018878572
13.667,45.563,45,0.779004395008087,74,0.0579827560573012,3.48923018878572
13.667,45.563,46,0.800168514251709,74,0.0579827560573012,3.48923018878572
13.667,45.563,47,1.02108454704285,74,0.0579827560573012,3.48923018878572
13.667,45.563,48,0.993022859096527,74,0.0579827560573012,3.48923018878572
13.667,45.563,49,0.712282180786133,74,0.0579827560573012,3.48923018878572
13.667,45.563,50,0.608012795448303,74,0.0579827560573012,3.48923018878572
13.667,45.563,51,0.424849033355713,74,0.0579827560573012,3.48923018878572
13.667,45.563,52,0.30386409163475,74,0.0579827560573012,3.48923018878572
13.667,45.563,53,0.239486694335938,74,0.0579827560573012,3.48923018878572
12.708,45.521,1,0.65806245803833,47,0.0586941223633169,2.20900012561518
12.708,45.521,2,1.2992377281189,47,0.0586941223633169,2.20900012561518
12.708,45.521,3,0.976958632469177,47,0.0586941223633169,2.20900012561518
12.708,45.521,4,0.848553895950317,47,0.0586941223633169,2.20900012561518
12.708,45.521,5,0.721457362174988,47,0.0586941223633169,2.20900012561518
12.708,45.521,6,0.525912702083588,47,0.0586941223633169,2.20900012561518
12.708,45.521,7,0.674199819564819,47,0.0586941223633169,2.20900012561518
12.708,45.521,8,0.835013508796692,47,0.0586941223633169,2.20900012561518
12.708,45.521,9,0.658846855163574,47,0.0586941223633169,2.20900012561518
12.708,45.521,10,0.78137344121933,47,0.0586941223633169,2.20900012561518
12.708,45.521,11,0.689783155918121,47,0.0586941223633169,2.20900012561518
12.708,45.521,12,0.817586898803711,47,0.0586941223633169,2.20900012561518
12.708,45.521,13,1.08386445045471,47,0.0586941223633169,2.20900012561518
12.708,45.521,14,0.887551426887512,47,0.0586941223633169,2.20900012561518
12.708,45.521,15,0.581984460353851,47,0.0586941223633169,2.20900012561518
12.708,45.521,16,0.596461713314056,47,0.0586941223633169,2.20900012561518
12.708,45.521,17,0.684340596199036,47,0.0586941223633169,2.20900012561518
12.708,45.521,18,0.792886555194855,47,0.0586941223633169,2.20900012561518
12.708,45.521,19,0.80392462015152,47,0.0586941223633169,2.20900012561518
12.708,45.521,20,0.886468768119812,47,0.0586941223633169,2.20900012561518
12.708,45.521,21,1.10283136367798,47,0.0586941223633169,2.20900012561518
12.708,45.521,22,0.840018153190613,47,0.0586941223633169,2.20900012561518
12.708,45.521,23,1.03023076057434,47,0.0586941223633169,2.20900012561518
12.708,45.521,24,1.34662270545959,47,0.0586941223633169,2.20900012561518
12.708,45.521,25,0.964152336120605,47,0.0586941223633169,2.20900012561518
12.708,45.521,26,0.987360417842865,47,0.0586941223633169,2.20900012561518
12.708,45.521,27,0.949083387851715,47,0.0586941223633169,2.20900012561518
12.708,45.521,28,0.959669232368469,47,0.0586941223633169,2.20900012561518
12.708,45.521,29,0.876842558383942,47,0.0586941223633169,2.20900012561518
12.708,45.521,30,0.99733155965805,47,0.0586941223633169,2.20900012561518
12.708,45.521,31,0.469886064529419,47,0.0586941223633169,2.20900012561518
12.708,45.521,32,0.862903654575348,47,0.0586941223633169,2.20900012561518
12.708,45.521,33,1.09895586967468,47,0.0586941223633169,2.20900012561518
12.708,45.521,34,0.998414814472198,47,0.0586941223633169,2.20900012561518
12.708,45.521,35,0.964856326580048,47,0.0586941223633169,2.20900012561518
12.708,45.521,36,0.874020338058472,47,0.0586941223633169,2.20900012561518
12.708,45.521,37,0.566801905632019,47,0.0586941223633169,2.20900012561518
12.708,45.521,38,0.524713218212128,47,0.0586941223633169,2.20900012561518
12.708,45.521,39,0.257891923189163,47,0.0586941223633169,2.20900012561518
12.708,45.521,40,0.779378056526184,47,0.0586941223633169,2.20900012561518
12.708,45.521,41,0.759172677993774,47,0.0586941223633169,2.20900012561518
12.708,45.521,42,0.528528153896332,47,0.0586941223633169,2.20900012561518
12.708,45.521,43,0.606923997402191,47,0.0586941223633169,2.20900012561518
12.708,45.521,44,0.654033780097961,47,0.0586941223633169,2.20900012561518
12.708,45.521,45,0.653580188751221,47,0.0586941223633169,2.20900012561518
12.708,45.521,46,0.986819982528687,47,0.0586941223633169,2.20900012561518
12.708,45.521,47,1.0479884147644,47,0.0586941223633169,2.20900012561518
12.708,45.521,48,1.16541767120361,47,0.0586941223633169,2.20900012561518
12.708,45.521,49,1.00720071792603,47,0.0586941223633169,2.20900012561518
12.708,45.521,50,1.05958294868469,47,0.0586941223633169,2.20900012561518
12.708,45.521,51,0.711623072624207,47,0.0586941223633169,2.20900012561518
12.708,45.521,52,0.512124001979828,47,0.0586941223633169,2.20900012561518
12.708,45.521,53,0.607752084732056,47,0.0586941223633169,2.20900012561518
13.5,45.521,1,0.125040754675865,78,0.0419999999999998,3.67392431114903
13.5,45.521,2,0.233906656503677,78,0.0419999999999998,3.67392431114903
13.5,45.521,3,0.308665931224823,78,0.0419999999999998,3.67392431114903
13.5,45.521,4,0.233705252408981,78,0.0419999999999998,3.67392431114903
13.5,45.521,5,0.226882889866829,78,0.0419999999999998,3.67392431114903
13.5,45.521,6,0.175105512142181,78,0.0419999999999998,3.67392431114903
13.5,45.521,7,0.244429692625999,78,0.0419999999999998,3.67392431114903
13.5,45.521,8,0.146690681576729,78,0.0419999999999998,3.67392431114903
13.5,45.521,9,0.202532142400742,78,0.0419999999999998,3.67392431114903
13.5,45.521,10,0.277797877788544,78,0.0419999999999998,3.67392431114903
13.5,45.521,11,0.173820346593857,78,0.0419999999999998,3.67392431114903
13.5,45.521,12,0.318536400794983,78,0.0419999999999998,3.67392431114903
13.5,45.521,13,0.356585204601288,78,0.0419999999999998,3.67392431114903
13.5,45.521,14,0.267010867595673,78,0.0419999999999998,3.67392431114903
13.5,45.521,15,0.213231980800629,78,0.0419999999999998,3.67392431114903
13.5,45.521,16,0.168912529945374,78,0.0419999999999998,3.67392431114903
13.5,45.521,17,0.151431486010551,78,0.0419999999999998,3.67392431114903
13.5,45.521,18,0.146474972367287,78,0.0419999999999998,3.67392431114903
13.5,45.521,19,0.183875873684883,78,0.0419999999999998,3.67392431114903
13.5,45.521,20,0.170338004827499,78,0.0419999999999998,3.67392431114903
13.5,45.521,21,0.251629739999771,78,0.0419999999999998,3.67392431114903
13.5,45.521,22,0.515399217605591,78,0.0419999999999998,3.67392431114903
13.5,45.521,23,0.507425248622894,78,0.0419999999999998,3.67392431114903
13.5,45.521,24,0.597755134105682,78,0.0419999999999998,3.67392431114903
13.5,45.521,25,0.622790575027466,78,0.0419999999999998,3.67392431114903
13.5,45.521,26,0.533384084701538,78,0.0419999999999998,3.67392431114903
13.5,45.521,27,0.537298679351807,78,0.0419999999999998,3.67392431114903
13.5,45.521,28,0.741304993629456,78,0.0419999999999998,3.67392431114903
13.5,45.521,29,0.655042350292206,78,0.0419999999999998,3.67392431114903
13.5,45.521,30,0.669471681118011,78,0.0419999999999998,3.67392431114903
13.5,45.521,31,0.395020753145218,78,0.0419999999999998,3.67392431114903
13.5,45.521,32,0.55078649520874,78,0.0419999999999998,3.67392431114903
13.5,45.521,33,0.559904277324677,78,0.0419999999999998,3.67392431114903
13.5,45.521,34,0.710402131080627,78,0.0419999999999998,3.67392431114903
13.5,45.521,35,0.540966391563416,78,0.0419999999999998,3.67392431114903
13.5,45.521,36,0.541872262954712,78,0.0419999999999998,3.67392431114903
13.5,45.521,37,0.435027718544006,78,0.0419999999999998,3.67392431114903
13.5,45.521,38,0.355071216821671,78,0.0419999999999998,3.67392431114903
13.5,45.521,39,0.260435611009598,78,0.0419999999999998,3.67392431114903
13.5,45.521,40,0.390974074602127,78,0.0419999999999998,3.67392431114903
13.5,45.521,41,0.333004027605057,78,0.0419999999999998,3.67392431114903
13.5,45.521,42,0.259399831295013,78,0.0419999999999998,3.67392431114903
13.5,45.521,43,0.284167379140854,78,0.0419999999999998,3.67392431114903
13.5,45.521,44,0.388159185647964,78,0.0419999999999998,3.67392431114903
13.5,45.521,45,0.45475697517395,78,0.0419999999999998,3.67392431114903
13.5,45.521,46,0.408351570367813,78,0.0419999999999998,3.67392431114903
13.5,45.521,47,0.437103748321533,78,0.0419999999999998,3.67392431114903
13.5,45.521,48,0.684218168258667,78,0.0419999999999998,3.67392431114903
13.5,45.521,49,0.551177024841309,78,0.0419999999999998,3.67392431114903
13.5,45.521,50,0.469279170036316,78,0.0419999999999998,3.67392431114903
13.5,45.521,51,0.29293355345726,78,0.0419999999999998,3.67392431114903
13.5,45.521,52,0.261221677064896,78,0.0419999999999998,3.67392431114903
13.5,45.521,53,0.223336160182953,78,0.0419999999999998,3.67392431114903
13.542,45.521,1,0.134720519185066,77,0.0586941223633182,3.63192431114903
13.542,45.521,2,0.250099122524261,77,0.0586941223633182,3.63192431114903
13.542,45.521,3,0.33187872171402,77,0.0586941223633182,3.63192431114903
13.542,45.521,4,0.240627586841583,77,0.0586941223633182,3.63192431114903
13.542,45.521,5,0.24299156665802,77,0.0586941223633182,3.63192431114903
13.542,45.521,6,0.183225467801094,77,0.0586941223633182,3.63192431114903
13.542,45.521,7,0.255782574415207,77,0.0586941223633182,3.63192431114903
13.542,45.521,8,0.158192962408066,77,0.0586941223633182,3.63192431114903
13.542,45.521,9,0.214153587818146,77,0.0586941223633182,3.63192431114903
13.542,45.521,10,0.286094784736633,77,0.0586941223633182,3.63192431114903
13.542,45.521,11,0.189478039741516,77,0.0586941223633182,3.63192431114903
13.542,45.521,12,0.360522091388702,77,0.0586941223633182,3.63192431114903
13.542,45.521,13,0.35175359249115,77,0.0586941223633182,3.63192431114903
13.542,45.521,14,0.26549232006073,77,0.0586941223633182,3.63192431114903
13.542,45.521,15,0.231292635202408,77,0.0586941223633182,3.63192431114903
13.542,45.521,16,0.181134417653084,77,0.0586941223633182,3.63192431114903
13.542,45.521,17,0.15790981054306,77,0.0586941223633182,3.63192431114903
13.542,45.521,18,0.163504809141159,77,0.0586941223633182,3.63192431114903
13.542,45.521,19,0.216748610138893,77,0.0586941223633182,3.63192431114903
13.542,45.521,20,0.186369732022285,77,0.0586941223633182,3.63192431114903
13.542,45.521,21,0.25793993473053,77,0.0586941223633182,3.63192431114903
13.542,45.521,22,0.565061211585999,77,0.0586941223633182,3.63192431114903
13.542,45.521,23,0.541096806526184,77,0.0586941223633182,3.63192431114903
13.542,45.521,24,0.606924891471863,77,0.0586941223633182,3.63192431114903
13.542,45.521,25,0.629179775714874,77,0.0586941223633182,3.63192431114903
13.542,45.521,26,0.529803276062012,77,0.0586941223633182,3.63192431114903
13.542,45.521,27,0.523788154125214,77,0.0586941223633182,3.63192431114903
13.542,45.521,28,0.748814344406128,77,0.0586941223633182,3.63192431114903
13.542,45.521,29,0.662898182868958,77,0.0586941223633182,3.63192431114903
13.542,45.521,30,0.675226509571075,77,0.0586941223633182,3.63192431114903
13.542,45.521,31,0.396574229001999,77,0.0586941223633182,3.63192431114903
13.542,45.521,32,0.569404125213623,77,0.0586941223633182,3.63192431114903
13.542,45.521,33,0.592155516147614,77,0.0586941223633182,3.63192431114903
13.542,45.521,34,0.731580078601837,77,0.0586941223633182,3.63192431114903
13.542,45.521,35,0.556925594806671,77,0.0586941223633182,3.63192431114903
13.542,45.521,36,0.561897099018097,77,0.0586941223633182,3.63192431114903
13.542,45.521,37,0.435879528522491,77,0.0586941223633182,3.63192431114903
13.542,45.521,38,0.351349115371704,77,0.0586941223633182,3.63192431114903
13.542,45.521,39,0.254821628332138,77,0.0586941223633182,3.63192431114903
13.542,45.521,40,0.381121695041656,77,0.0586941223633182,3.63192431114903
13.542,45.521,41,0.325971513986588,77,0.0586941223633182,3.63192431114903
13.542,45.521,42,0.25898352265358,77,0.0586941223633182,3.63192431114903
13.542,45.521,43,0.294286042451859,77,0.0586941223633182,3.63192431114903
13.542,45.521,44,0.421337991952896,77,0.0586941223633182,3.63192431114903
13.542,45.521,45,0.459172457456589,77,0.0586941223633182,3.63192431114903
13.542,45.521,46,0.440629839897156,77,0.0586941223633182,3.63192431114903
13.542,45.521,47,0.461381703615189,77,0.0586941223633182,3.63192431114903
13.542,45.521,48,0.731174290180206,77,0.0586941223633182,3.63192431114903
13.542,45.521,49,0.613205969333649,77,0.0586941223633182,3.63192431114903
13.542,45.521,50,0.532775044441223,77,0.0586941223633182,3.63192431114903
13.542,45.521,51,0.324745237827301,77,0.0586941223633182,3.63192431114903
13.542,45.521,52,0.286829829216003,77,0.0586941223633182,3.63192431114903
13.542,45.521,53,0.240753427147865,77,0.0586941223633182,3.63192431114903
12.5,45.438,1,1.06933510303497,42,0.059396969619666,1.96661188088855
12.5,45.438,2,1.272416472435,42,0.059396969619666,1.96661188088855
12.5,45.438,3,1.05577564239502,42,0.059396969619666,1.96661188088855
12.5,45.438,4,0.985891759395599,42,0.059396969619666,1.96661188088855
12.5,45.438,5,0.668590307235718,42,0.059396969619666,1.96661188088855
12.5,45.438,6,0.608553171157837,42,0.059396969619666,1.96661188088855
12.5,45.438,7,0.900464534759521,42,0.059396969619666,1.96661188088855
12.5,45.438,8,0.899282693862915,42,0.059396969619666,1.96661188088855
12.5,45.438,9,0.710825264453888,42,0.059396969619666,1.96661188088855
12.5,45.438,10,0.862689793109894,42,0.059396969619666,1.96661188088855
12.5,45.438,11,0.917992830276489,42,0.059396969619666,1.96661188088855
12.5,45.438,12,0.953445196151733,42,0.059396969619666,1.96661188088855
12.5,45.438,13,1.12448120117188,42,0.059396969619666,1.96661188088855
12.5,45.438,14,0.981273412704468,42,0.059396969619666,1.96661188088855
12.5,45.438,15,0.961903810501099,42,0.059396969619666,1.96661188088855
12.5,45.438,16,0.79507964849472,42,0.059396969619666,1.96661188088855
12.5,45.438,17,0.687494575977325,42,0.059396969619666,1.96661188088855
12.5,45.438,18,0.85425591468811,42,0.059396969619666,1.96661188088855
12.5,45.438,19,0.824423432350159,42,0.059396969619666,1.96661188088855
12.5,45.438,20,0.878228902816772,42,0.059396969619666,1.96661188088855
12.5,45.438,21,1.48745274543762,42,0.059396969619666,1.96661188088855
12.5,45.438,22,1.0975536108017,42,0.059396969619666,1.96661188088855
12.5,45.438,23,1.5242213010788,42,0.059396969619666,1.96661188088855
12.5,45.438,24,1.49810802936554,42,0.059396969619666,1.96661188088855
12.5,45.438,25,1.14889967441559,42,0.059396969619666,1.96661188088855
12.5,45.438,26,1.06417965888977,42,0.059396969619666,1.96661188088855
12.5,45.438,27,1.02678871154785,42,0.059396969619666,1.96661188088855
12.5,45.438,28,1.00038969516754,42,0.059396969619666,1.96661188088855
12.5,45.438,29,1.01402282714844,42,0.059396969619666,1.96661188088855
12.5,45.438,30,1.12672173976898,42,0.059396969619666,1.96661188088855
12.5,45.438,31,1.08314752578735,42,0.059396969619666,1.96661188088855
12.5,45.438,32,1.18997812271118,42,0.059396969619666,1.96661188088855
12.5,45.438,33,1.26222562789917,42,0.059396969619666,1.96661188088855
12.5,45.438,34,1.14737510681152,42,0.059396969619666,1.96661188088855
12.5,45.438,35,1.11980247497559,42,0.059396969619666,1.96661188088855
12.5,45.438,36,0.997761309146881,42,0.059396969619666,1.96661188088855
12.5,45.438,37,0.714236855506897,42,0.059396969619666,1.96661188088855
12.5,45.438,38,0.641323864459991,42,0.059396969619666,1.96661188088855
12.5,45.438,39,0.333990275859833,42,0.059396969619666,1.96661188088855
12.5,45.438,40,1.06914591789246,42,0.059396969619666,1.96661188088855
12.5,45.438,41,0.923490405082703,42,0.059396969619666,1.96661188088855
12.5,45.438,42,0.698996841907501,42,0.059396969619666,1.96661188088855
12.5,45.438,43,0.900849640369415,42,0.059396969619666,1.96661188088855
12.5,45.438,44,1.11447310447693,42,0.059396969619666,1.96661188088855
12.5,45.438,45,0.837889730930328,42,0.059396969619666,1.96661188088855
12.5,45.438,46,1.12060654163361,42,0.059396969619666,1.96661188088855
12.5,45.438,47,1.24487936496735,42,0.059396969619666,1.96661188088855
12.5,45.438,48,1.30292081832886,42,0.059396969619666,1.96661188088855
12.5,45.438,49,1.08402681350708,42,0.059396969619666,1.96661188088855
12.5,45.438,50,1.18484139442444,42,0.059396969619666,1.96661188088855
12.5,45.438,51,0.892389476299286,42,0.059396969619666,1.96661188088855
12.5,45.438,52,0.796723008155823,42,0.059396969619666,1.96661188088855
12.5,45.438,53,0.719729542732239,42,0.059396969619666,1.96661188088855
12.542,45.438,1,0.97787219285965,43,0.0419999999999998,2.00861188088855
12.542,45.438,2,1.2745178937912,43,0.0419999999999998,2.00861188088855
12.542,45.438,3,1.00961995124817,43,0.0419999999999998,2.00861188088855
12.542,45.438,4,0.953984379768372,43,0.0419999999999998,2.00861188088855
12.542,45.438,5,0.629883408546448,43,0.0419999999999998,2.00861188088855
12.542,45.438,6,0.568224787712097,43,0.0419999999999998,2.00861188088855
12.542,45.438,7,0.833056092262268,43,0.0419999999999998,2.00861188088855
12.542,45.438,8,0.841700792312622,43,0.0419999999999998,2.00861188088855
12.542,45.438,9,0.683476686477661,43,0.0419999999999998,2.00861188088855
12.542,45.438,10,0.812986135482788,43,0.0419999999999998,2.00861188088855
12.542,45.438,11,0.85646653175354,43,0.0419999999999998,2.00861188088855
12.542,45.438,12,0.915627002716064,43,0.0419999999999998,2.00861188088855
12.542,45.438,13,1.10275185108185,43,0.0419999999999998,2.00861188088855
12.542,45.438,14,0.94905561208725,43,0.0419999999999998,2.00861188088855
12.542,45.438,15,0.915089070796967,43,0.0419999999999998,2.00861188088855
12.542,45.438,16,0.764290809631348,43,0.0419999999999998,2.00861188088855
12.542,45.438,17,0.667668581008911,43,0.0419999999999998,2.00861188088855
12.542,45.438,18,0.809919714927673,43,0.0419999999999998,2.00861188088855
12.542,45.438,19,0.810161828994751,43,0.0419999999999998,2.00861188088855
12.542,45.438,20,0.818708181381226,43,0.0419999999999998,2.00861188088855
12.542,45.438,21,1.43753182888031,43,0.0419999999999998,2.00861188088855
12.542,45.438,22,1.04702997207642,43,0.0419999999999998,2.00861188088855
12.542,45.438,23,1.44348311424255,43,0.0419999999999998,2.00861188088855
12.542,45.438,24,1.4573392868042,43,0.0419999999999998,2.00861188088855
12.542,45.438,25,1.09468758106232,43,0.0419999999999998,2.00861188088855
12.542,45.438,26,1.02973639965057,43,0.0419999999999998,2.00861188088855
12.542,45.438,27,0.995628297328949,43,0.0419999999999998,2.00861188088855
12.542,45.438,28,0.976023316383362,43,0.0419999999999998,2.00861188088855
12.542,45.438,29,0.988377630710602,43,0.0419999999999998,2.00861188088855
12.542,45.438,30,1.08872210979462,43,0.0419999999999998,2.00861188088855
12.542,45.438,31,1.03912782669067,43,0.0419999999999998,2.00861188088855
12.542,45.438,32,1.12734627723694,43,0.0419999999999998,2.00861188088855
12.542,45.438,33,1.20558428764343,43,0.0419999999999998,2.00861188088855
12.542,45.438,34,1.07905113697052,43,0.0419999999999998,2.00861188088855
12.542,45.438,35,1.07015645503998,43,0.0419999999999998,2.00861188088855
12.542,45.438,36,0.938342571258545,43,0.0419999999999998,2.00861188088855
12.542,45.438,37,0.66113930940628,43,0.0419999999999998,2.00861188088855
12.542,45.438,38,0.604756891727448,43,0.0419999999999998,2.00861188088855
12.542,45.438,39,0.315956830978394,43,0.0419999999999998,2.00861188088855
12.542,45.438,40,1.01337015628815,43,0.0419999999999998,2.00861188088855
12.542,45.438,41,0.899779558181763,43,0.0419999999999998,2.00861188088855
12.542,45.438,42,0.643430411815643,43,0.0419999999999998,2.00861188088855
12.542,45.438,43,0.825456082820892,43,0.0419999999999998,2.00861188088855
12.542,45.438,44,0.982406079769135,43,0.0419999999999998,2.00861188088855
12.542,45.438,45,0.784515917301178,43,0.0419999999999998,2.00861188088855
12.542,45.438,46,1.09258222579956,43,0.0419999999999998,2.00861188088855
12.542,45.438,47,1.19751286506653,43,0.0419999999999998,2.00861188088855
12.542,45.438,48,1.25145983695984,43,0.0419999999999998,2.00861188088855
12.542,45.438,49,1.01460480690002,43,0.0419999999999998,2.00861188088855
12.542,45.438,50,1.07226526737213,43,0.0419999999999998,2.00861188088855
12.542,45.438,51,0.80752968788147,43,0.0419999999999998,2.00861188088855
12.542,45.438,52,0.712922215461731,43,0.0419999999999998,2.00861188088855
12.542,45.438,53,0.627781987190247,43,0.0419999999999998,2.00861188088855
12.583,45.438,1,0.844772934913635,44,0.0410000000000004,2.04961188088855
12.583,45.438,2,1.26991391181946,44,0.0410000000000004,2.04961188088855
12.583,45.438,3,0.948944389820099,44,0.0410000000000004,2.04961188088855
12.583,45.438,4,0.909139335155487,44,0.0410000000000004,2.04961188088855
12.583,45.438,5,0.586487293243408,44,0.0410000000000004,2.04961188088855
12.583,45.438,6,0.516183733940125,44,0.0410000000000004,2.04961188088855
12.583,45.438,7,0.749893426895142,44,0.0410000000000004,2.04961188088855
12.583,45.438,8,0.767973840236664,44,0.0410000000000004,2.04961188088855
12.583,45.438,9,0.635160207748413,44,0.0410000000000004,2.04961188088855
12.583,45.438,10,0.750263333320618,44,0.0410000000000004,2.04961188088855
12.583,45.438,11,0.767555117607117,44,0.0410000000000004,2.04961188088855
12.583,45.438,12,0.85213828086853,44,0.0410000000000004,2.04961188088855
12.583,45.438,13,1.06970691680908,44,0.0410000000000004,2.04961188088855
12.583,45.438,14,0.891110956668854,44,0.0410000000000004,2.04961188088855
12.583,45.438,15,0.824430346488953,44,0.0410000000000004,2.04961188088855
12.583,45.438,16,0.714518427848816,44,0.0410000000000004,2.04961188088855
12.583,45.438,17,0.64631187915802,44,0.0410000000000004,2.04961188088855
12.583,45.438,18,0.75314050912857,44,0.0410000000000004,2.04961188088855
12.583,45.438,19,0.78876918554306,44,0.0410000000000004,2.04961188088855
12.583,45.438,20,0.756416857242584,44,0.0410000000000004,2.04961188088855
12.583,45.438,21,1.34265756607056,44,0.0410000000000004,2.04961188088855
12.583,45.438,22,0.983993411064148,44,0.0410000000000004,2.04961188088855
12.583,45.438,23,1.31722629070282,44,0.0410000000000004,2.04961188088855
12.583,45.438,24,1.41589784622192,44,0.0410000000000004,2.04961188088855
12.583,45.438,25,1.04262840747833,44,0.0410000000000004,2.04961188088855
12.583,45.438,26,0.992459774017334,44,0.0410000000000004,2.04961188088855
12.583,45.438,27,0.962975263595581,44,0.0410000000000004,2.04961188088855
12.583,45.438,28,0.957843244075775,44,0.0410000000000004,2.04961188088855
12.583,45.438,29,0.955540180206299,44,0.0410000000000004,2.04961188088855
12.583,45.438,30,1.04038536548615,44,0.0410000000000004,2.04961188088855
12.583,45.438,31,0.935769140720367,44,0.0410000000000004,2.04961188088855
12.583,45.438,32,1.03921592235565,44,0.0410000000000004,2.04961188088855
12.583,45.438,33,1.14125525951385,44,0.0410000000000004,2.04961188088855
12.583,45.438,34,0.997734725475311,44,0.0410000000000004,2.04961188088855
12.583,45.438,35,1.01696109771729,44,0.0410000000000004,2.04961188088855
12.583,45.438,36,0.869367003440857,44,0.0410000000000004,2.04961188088855
12.583,45.438,37,0.605690240859985,44,0.0410000000000004,2.04961188088855
12.583,45.438,38,0.557485580444336,44,0.0410000000000004,2.04961188088855
12.583,45.438,39,0.29513356089592,44,0.0410000000000004,2.04961188088855
12.583,45.438,40,0.943221628665924,44,0.0410000000000004,2.04961188088855
12.583,45.438,41,0.86483883857727,44,0.0410000000000004,2.04961188088855
12.583,45.438,42,0.575350105762482,44,0.0410000000000004,2.04961188088855
12.583,45.438,43,0.72273451089859,44,0.0410000000000004,2.04961188088855
12.583,45.438,44,0.795957863330841,44,0.0410000000000004,2.04961188088855
12.583,45.438,45,0.726922512054443,44,0.0410000000000004,2.04961188088855
12.583,45.438,46,1.05694317817688,44,0.0410000000000004,2.04961188088855
12.583,45.438,47,1.12852573394775,44,0.0410000000000004,2.04961188088855
12.583,45.438,48,1.17575335502625,44,0.0410000000000004,2.04961188088855
12.583,45.438,49,0.936727046966553,44,0.0410000000000004,2.04961188088855
12.583,45.438,50,0.920888543128967,44,0.0410000000000004,2.04961188088855
12.583,45.438,51,0.710618019104004,44,0.0410000000000004,2.04961188088855
12.583,45.438,52,0.620678663253784,44,0.0410000000000004,2.04961188088855
12.583,45.438,53,0.516939163208008,44,0.0410000000000004,2.04961188088855
13.5,45.438,1,0.090478777885437,79,0.0829999999999984,3.75692431114903
13.5,45.438,2,0.165823817253113,79,0.0829999999999984,3.75692431114903
13.5,45.438,3,0.14617708325386,79,0.0829999999999984,3.75692431114903
13.5,45.438,4,0.119504183530807,79,0.0829999999999984,3.75692431114903
13.5,45.438,5,0.0907560735940933,79,0.0829999999999984,3.75692431114903
13.5,45.438,6,0.0949785336852074,79,0.0829999999999984,3.75692431114903
13.5,45.438,7,0.104088976979256,79,0.0829999999999984,3.75692431114903
13.5,45.438,8,0.0857519805431366,79,0.0829999999999984,3.75692431114903
13.5,45.438,9,0.0989589244127274,79,0.0829999999999984,3.75692431114903
13.5,45.438,10,0.118821896612644,79,0.0829999999999984,3.75692431114903
13.5,45.438,11,0.110364943742752,79,0.0829999999999984,3.75692431114903
13.5,45.438,12,0.0899340957403183,79,0.0829999999999984,3.75692431114903
13.5,45.438,13,0.207521304488182,79,0.0829999999999984,3.75692431114903
13.5,45.438,14,0.156900897622108,79,0.0829999999999984,3.75692431114903
13.5,45.438,15,0.115521535277367,79,0.0829999999999984,3.75692431114903
13.5,45.438,16,0.0819148123264313,79,0.0829999999999984,3.75692431114903
13.5,45.438,17,0.139763608574867,79,0.0829999999999984,3.75692431114903
13.5,45.438,18,0.14569216966629,79,0.0829999999999984,3.75692431114903
13.5,45.438,19,0.245806649327278,79,0.0829999999999984,3.75692431114903
13.5,45.438,20,0.186467468738556,79,0.0829999999999984,3.75692431114903
13.5,45.438,21,0.259826600551605,79,0.0829999999999984,3.75692431114903
13.5,45.438,22,0.458720505237579,79,0.0829999999999984,3.75692431114903
13.5,45.438,23,0.470331847667694,79,0.0829999999999984,3.75692431114903
13.5,45.438,24,0.637404918670654,79,0.0829999999999984,3.75692431114903
13.5,45.438,25,0.481762588024139,79,0.0829999999999984,3.75692431114903
13.5,45.438,26,0.596096932888031,79,0.0829999999999984,3.75692431114903
13.5,45.438,27,0.642571806907654,79,0.0829999999999984,3.75692431114903
13.5,45.438,28,0.688890397548676,79,0.0829999999999984,3.75692431114903
13.5,45.438,29,0.587730646133423,79,0.0829999999999984,3.75692431114903
13.5,45.438,30,0.583156049251556,79,0.0829999999999984,3.75692431114903
13.5,45.438,31,0.370273143053055,79,0.0829999999999984,3.75692431114903
13.5,45.438,32,0.436141848564148,79,0.0829999999999984,3.75692431114903
13.5,45.438,33,0.420790821313858,79,0.0829999999999984,3.75692431114903
13.5,45.438,34,0.59611701965332,79,0.0829999999999984,3.75692431114903
13.5,45.438,35,0.496072560548782,79,0.0829999999999984,3.75692431114903
13.5,45.438,36,0.491643607616425,79,0.0829999999999984,3.75692431114903
13.5,45.438,37,0.443693816661835,79,0.0829999999999984,3.75692431114903
13.5,45.438,38,0.372332006692886,79,0.0829999999999984,3.75692431114903
13.5,45.438,39,0.322343498468399,79,0.0829999999999984,3.75692431114903
13.5,45.438,40,0.298676311969757,79,0.0829999999999984,3.75692431114903
13.5,45.438,41,0.480606913566589,79,0.0829999999999984,3.75692431114903
13.5,45.438,42,0.292468905448914,79,0.0829999999999984,3.75692431114903
13.5,45.438,43,0.204783514142036,79,0.0829999999999984,3.75692431114903
13.5,45.438,44,0.321274697780609,79,0.0829999999999984,3.75692431114903
13.5,45.438,45,0.539081633090973,79,0.0829999999999984,3.75692431114903
13.5,45.438,46,0.392573773860931,79,0.0829999999999984,3.75692431114903
13.5,45.438,47,0.639415264129639,79,0.0829999999999984,3.75692431114903
13.5,45.438,48,0.505226075649261,79,0.0829999999999984,3.75692431114903
13.5,45.438,49,0.233449473977089,79,0.0829999999999984,3.75692431114903
13.5,45.438,50,0.156449854373932,79,0.0829999999999984,3.75692431114903
13.5,45.438,51,0.155848979949951,79,0.0829999999999984,3.75692431114903
13.5,45.438,52,0.0980339050292969,79,0.0829999999999984,3.75692431114903
13.5,45.438,53,0.0919555202126503,79,0.0829999999999984,3.75692431114903
12.375,45.354,1,1.01695275306702,38,0.0586941223633157,1.78221491126887
12.375,45.354,2,1.20616006851196,38,0.0586941223633157,1.78221491126887
12.375,45.354,3,1.11908233165741,38,0.0586941223633157,1.78221491126887
12.375,45.354,4,1.03828275203705,38,0.0586941223633157,1.78221491126887
12.375,45.354,5,0.749192535877228,38,0.0586941223633157,1.78221491126887
12.375,45.354,6,0.656801700592041,38,0.0586941223633157,1.78221491126887
12.375,45.354,7,0.981326222419739,38,0.0586941223633157,1.78221491126887
12.375,45.354,8,0.892868638038635,38,0.0586941223633157,1.78221491126887
12.375,45.354,9,0.83111447095871,38,0.0586941223633157,1.78221491126887
12.375,45.354,10,1.01635229587555,38,0.0586941223633157,1.78221491126887
12.375,45.354,11,0.874082565307617,38,0.0586941223633157,1.78221491126887
12.375,45.354,12,0.949084341526031,38,0.0586941223633157,1.78221491126887
12.375,45.354,13,1.14808678627014,38,0.0586941223633157,1.78221491126887
12.375,45.354,14,0.982498526573181,38,0.0586941223633157,1.78221491126887
12.375,45.354,15,0.956138014793396,38,0.0586941223633157,1.78221491126887
12.375,45.354,16,0.815520644187927,38,0.0586941223633157,1.78221491126887
12.375,45.354,17,0.837960124015808,38,0.0586941223633157,1.78221491126887
12.375,45.354,18,0.872386455535889,38,0.0586941223633157,1.78221491126887
12.375,45.354,19,0.865535795688629,38,0.0586941223633157,1.78221491126887
12.375,45.354,20,1.05224776268005,38,0.0586941223633157,1.78221491126887
12.375,45.354,21,1.46573662757874,38,0.0586941223633157,1.78221491126887
12.375,45.354,22,1.34030830860138,38,0.0586941223633157,1.78221491126887
12.375,45.354,23,1.5787250995636,38,0.0586941223633157,1.78221491126887
12.375,45.354,24,1.67530965805054,38,0.0586941223633157,1.78221491126887
12.375,45.354,25,1.29104149341583,38,0.0586941223633157,1.78221491126887
12.375,45.354,26,1.15736556053162,38,0.0586941223633157,1.78221491126887
12.375,45.354,27,1.20023918151855,38,0.0586941223633157,1.78221491126887
12.375,45.354,28,1.07402324676514,38,0.0586941223633157,1.78221491126887
12.375,45.354,29,1.10327196121216,38,0.0586941223633157,1.78221491126887
12.375,45.354,30,1.21085095405579,38,0.0586941223633157,1.78221491126887
12.375,45.354,31,1.17946815490723,38,0.0586941223633157,1.78221491126887
12.375,45.354,32,1.41939842700958,38,0.0586941223633157,1.78221491126887
12.375,45.354,33,1.79626512527466,38,0.0586941223633157,1.78221491126887
12.375,45.354,34,1.40250253677368,38,0.0586941223633157,1.78221491126887
12.375,45.354,35,1.56177246570587,38,0.0586941223633157,1.78221491126887
12.375,45.354,36,1.49916505813599,38,0.0586941223633157,1.78221491126887
12.375,45.354,37,1.20692944526672,38,0.0586941223633157,1.78221491126887
12.375,45.354,38,0.79490864276886,38,0.0586941223633157,1.78221491126887
12.375,45.354,39,0.682531833648682,38,0.0586941223633157,1.78221491126887
12.375,45.354,40,1.17836833000183,38,0.0586941223633157,1.78221491126887
12.375,45.354,41,0.998761832714081,38,0.0586941223633157,1.78221491126887
12.375,45.354,42,0.982616782188416,38,0.0586941223633157,1.78221491126887
12.375,45.354,43,1.25059509277344,38,0.0586941223633157,1.78221491126887
12.375,45.354,44,1.42503023147583,38,0.0586941223633157,1.78221491126887
12.375,45.354,45,1.06926584243774,38,0.0586941223633157,1.78221491126887
12.375,45.354,46,1.314781665802,38,0.0586941223633157,1.78221491126887
12.375,45.354,47,1.24604833126068,38,0.0586941223633157,1.78221491126887
12.375,45.354,48,1.53774738311768,38,0.0586941223633157,1.78221491126887
12.375,45.354,49,1.32456815242767,38,0.0586941223633157,1.78221491126887
12.375,45.354,50,1.48257803916931,38,0.0586941223633157,1.78221491126887
12.375,45.354,51,1.22429132461548,38,0.0586941223633157,1.78221491126887
12.375,45.354,52,1.10325050354004,38,0.0586941223633157,1.78221491126887
12.375,45.354,53,1.09620034694672,38,0.0586941223633157,1.78221491126887
13.5,45.313,1,0.0873182788491249,82,0.0410000000000039,3.88192431114903
13.5,45.313,2,0.108820393681526,82,0.0410000000000039,3.88192431114903
13.5,45.313,3,0.109138116240501,82,0.0410000000000039,3.88192431114903
13.5,45.313,4,0.0959608852863312,82,0.0410000000000039,3.88192431114903
13.5,45.313,5,0.0892779231071472,82,0.0410000000000039,3.88192431114903
13.5,45.313,6,0.0918400585651398,82,0.0410000000000039,3.88192431114903
13.5,45.313,7,0.0953018292784691,82,0.0410000000000039,3.88192431114903
13.5,45.313,8,0.0855993181467056,82,0.0410000000000039,3.88192431114903
13.5,45.313,9,0.111311092972755,82,0.0410000000000039,3.88192431114903
13.5,45.313,10,0.110217303037643,82,0.0410000000000039,3.88192431114903
13.5,45.313,11,0.103101894259453,82,0.0410000000000039,3.88192431114903
13.5,45.313,12,0.0910454243421555,82,0.0410000000000039,3.88192431114903
13.5,45.313,13,0.134041994810104,82,0.0410000000000039,3.88192431114903
13.5,45.313,14,0.119978964328766,82,0.0410000000000039,3.88192431114903
13.5,45.313,15,0.115111291408539,82,0.0410000000000039,3.88192431114903
13.5,45.313,16,0.113519698381424,82,0.0410000000000039,3.88192431114903
13.5,45.313,17,0.117563016712666,82,0.0410000000000039,3.88192431114903
13.5,45.313,18,0.186041936278343,82,0.0410000000000039,3.88192431114903
13.5,45.313,19,0.263705313205719,82,0.0410000000000039,3.88192431114903
13.5,45.313,20,0.235632598400116,82,0.0410000000000039,3.88192431114903
13.5,45.313,21,0.235540688037872,82,0.0410000000000039,3.88192431114903
13.5,45.313,22,0.437123626470566,82,0.0410000000000039,3.88192431114903
13.5,45.313,23,0.463703155517578,82,0.0410000000000039,3.88192431114903
13.5,45.313,24,0.649773597717285,82,0.0410000000000039,3.88192431114903
13.5,45.313,25,0.457211643457413,82,0.0410000000000039,3.88192431114903
13.5,45.313,26,0.555546581745148,82,0.0410000000000039,3.88192431114903
13.5,45.313,27,0.612741708755493,82,0.0410000000000039,3.88192431114903
13.5,45.313,28,0.567826747894287,82,0.0410000000000039,3.88192431114903
13.5,45.313,29,0.518483281135559,82,0.0410000000000039,3.88192431114903
13.5,45.313,30,0.465040147304535,82,0.0410000000000039,3.88192431114903
13.5,45.313,31,0.34620213508606,82,0.0410000000000039,3.88192431114903
13.5,45.313,32,0.384727209806442,82,0.0410000000000039,3.88192431114903
13.5,45.313,33,0.395861685276031,82,0.0410000000000039,3.88192431114903
13.5,45.313,34,0.484486848115921,82,0.0410000000000039,3.88192431114903
13.5,45.313,35,0.460633605718613,82,0.0410000000000039,3.88192431114903
13.5,45.313,36,0.488849520683289,82,0.0410000000000039,3.88192431114903
13.5,45.313,37,0.468060076236725,82,0.0410000000000039,3.88192431114903
13.5,45.313,38,0.432633966207504,82,0.0410000000000039,3.88192431114903
13.5,45.313,39,0.343697220087051,82,0.0410000000000039,3.88192431114903
13.5,45.313,40,0.357663124799728,82,0.0410000000000039,3.88192431114903
13.5,45.313,41,0.57172679901123,82,0.0410000000000039,3.88192431114903
13.5,45.313,42,0.295953720808029,82,0.0410000000000039,3.88192431114903
13.5,45.313,43,0.20508848130703,82,0.0410000000000039,3.88192431114903
13.5,45.313,44,0.305205732584,82,0.0410000000000039,3.88192431114903
13.5,45.313,45,0.397878527641296,82,0.0410000000000039,3.88192431114903
13.5,45.313,46,0.336956143379211,82,0.0410000000000039,3.88192431114903
13.5,45.313,47,0.45353701710701,82,0.0410000000000039,3.88192431114903
13.5,45.313,48,0.355953365564346,82,0.0410000000000039,3.88192431114903
13.5,45.313,49,0.19023123383522,82,0.0410000000000039,3.88192431114903
13.5,45.313,50,0.142790466547012,82,0.0410000000000039,3.88192431114903
13.5,45.313,51,0.137172251939774,82,0.0410000000000039,3.88192431114903
13.5,45.313,52,0.100679479539394,82,0.0410000000000039,3.88192431114903
13.5,45.313,53,0.0923839807510376,82,0.0410000000000039,3.88192431114903
13.542,45.271,1,0.0857019796967506,83,0.059396969619671,3.9413212807687
13.542,45.271,2,0.0862162858247757,83,0.059396969619671,3.9413212807687
13.542,45.271,3,0.0937360972166061,83,0.059396969619671,3.9413212807687
13.542,45.271,4,0.0862946957349777,83,0.059396969619671,3.9413212807687
13.542,45.271,5,0.0899601951241493,83,0.059396969619671,3.9413212807687
13.542,45.271,6,0.0904245004057884,83,0.059396969619671,3.9413212807687
13.542,45.271,7,0.088544175028801,83,0.059396969619671,3.9413212807687
13.542,45.271,8,0.0804751664400101,83,0.059396969619671,3.9413212807687
13.542,45.271,9,0.109140202403069,83,0.059396969619671,3.9413212807687
13.542,45.271,10,0.0953557640314102,83,0.059396969619671,3.9413212807687
13.542,45.271,11,0.0939601138234138,83,0.059396969619671,3.9413212807687
13.542,45.271,12,0.0886183455586433,83,0.059396969619671,3.9413212807687
13.542,45.271,13,0.0966198295354843,83,0.059396969619671,3.9413212807687
13.542,45.271,14,0.108387291431427,83,0.059396969619671,3.9413212807687
13.542,45.271,15,0.117034569382668,83,0.059396969619671,3.9413212807687
13.542,45.271,16,0.112654998898506,83,0.059396969619671,3.9413212807687
13.542,45.271,17,0.108950152993202,83,0.059396969619671,3.9413212807687
13.542,45.271,18,0.1927699893713,83,0.059396969619671,3.9413212807687
13.542,45.271,19,0.26006418466568,83,0.059396969619671,3.9413212807687
13.542,45.271,20,0.235854715108871,83,0.059396969619671,3.9413212807687
13.542,45.271,21,0.223261088132858,83,0.059396969619671,3.9413212807687
13.542,45.271,22,0.456468909978867,83,0.059396969619671,3.9413212807687
13.542,45.271,23,0.47394335269928,83,0.059396969619671,3.9413212807687
13.542,45.271,24,0.636572599411011,83,0.059396969619671,3.9413212807687
13.542,45.271,25,0.469014525413513,83,0.059396969619671,3.9413212807687
13.542,45.271,26,0.564159333705902,83,0.059396969619671,3.9413212807687
13.542,45.271,27,0.623212575912476,83,0.059396969619671,3.9413212807687
13.542,45.271,28,0.553612649440765,83,0.059396969619671,3.9413212807687
13.542,45.271,29,0.463466584682465,83,0.059396969619671,3.9413212807687
13.542,45.271,30,0.43589386343956,83,0.059396969619671,3.9413212807687
13.542,45.271,31,0.327094733715057,83,0.059396969619671,3.9413212807687
13.542,45.271,32,0.269091129302979,83,0.059396969619671,3.9413212807687
13.542,45.271,33,0.375887632369995,83,0.059396969619671,3.9413212807687
13.542,45.271,34,0.461902469396591,83,0.059396969619671,3.9413212807687
13.542,45.271,35,0.428927540779114,83,0.059396969619671,3.9413212807687
13.542,45.271,36,0.452022761106491,83,0.059396969619671,3.9413212807687
13.542,45.271,37,0.441687703132629,83,0.059396969619671,3.9413212807687
13.542,45.271,38,0.415961027145386,83,0.059396969619671,3.9413212807687
13.542,45.271,39,0.319388747215271,83,0.059396969619671,3.9413212807687
13.542,45.271,40,0.35799515247345,83,0.059396969619671,3.9413212807687
13.542,45.271,41,0.47448718547821,83,0.059396969619671,3.9413212807687
13.542,45.271,42,0.271929532289505,83,0.059396969619671,3.9413212807687
13.542,45.271,43,0.190141618251801,83,0.059396969619671,3.9413212807687
13.542,45.271,44,0.28919392824173,83,0.059396969619671,3.9413212807687
13.542,45.271,45,0.346998125314713,83,0.059396969619671,3.9413212807687
13.542,45.271,46,0.317465007305145,83,0.059396969619671,3.9413212807687
13.542,45.271,47,0.371355295181274,83,0.059396969619671,3.9413212807687
13.542,45.271,48,0.311887145042419,83,0.059396969619671,3.9413212807687
13.542,45.271,49,0.1740952283144,83,0.059396969619671,3.9413212807687
13.542,45.271,50,0.132296144962311,83,0.059396969619671,3.9413212807687
13.542,45.271,51,0.129121750593185,83,0.059396969619671,3.9413212807687
13.542,45.271,52,0.095053181052208,83,0.059396969619671,3.9413212807687
13.542,45.271,53,0.0855740234255791,83,0.059396969619671,3.9413212807687
12.375,45.146,1,0.787222802639008,33,0.0420000000000016,1.53912381928588
12.375,45.146,2,1.11613976955414,33,0.0420000000000016,1.53912381928588
12.375,45.146,3,1.90634667873383,33,0.0420000000000016,1.53912381928588
12.375,45.146,4,1.28202044963837,33,0.0420000000000016,1.53912381928588
12.375,45.146,5,1.10312521457672,33,0.0420000000000016,1.53912381928588
12.375,45.146,6,0.988983035087585,33,0.0420000000000016,1.53912381928588
12.375,45.146,7,0.938042879104614,33,0.0420000000000016,1.53912381928588
12.375,45.146,8,0.763912320137024,33,0.0420000000000016,1.53912381928588
12.375,45.146,9,0.785098910331726,33,0.0420000000000016,1.53912381928588
12.375,45.146,10,1.07719075679779,33,0.0420000000000016,1.53912381928588
12.375,45.146,11,0.966776669025421,33,0.0420000000000016,1.53912381928588
12.375,45.146,12,1.00878942012787,33,0.0420000000000016,1.53912381928588
12.375,45.146,13,1.38348031044006,33,0.0420000000000016,1.53912381928588
12.375,45.146,14,0.882435917854309,33,0.0420000000000016,1.53912381928588
12.375,45.146,15,1.18778514862061,33,0.0420000000000016,1.53912381928588
12.375,45.146,16,1.28704690933228,33,0.0420000000000016,1.53912381928588
12.375,45.146,17,1.4917573928833,33,0.0420000000000016,1.53912381928588
12.375,45.146,18,1.02167916297913,33,0.0420000000000016,1.53912381928588
12.375,45.146,19,0.966723203659058,33,0.0420000000000016,1.53912381928588
12.375,45.146,20,1.07539689540863,33,0.0420000000000016,1.53912381928588
12.375,45.146,21,1.87261986732483,33,0.0420000000000016,1.53912381928588
12.375,45.146,22,1.89446187019348,33,0.0420000000000016,1.53912381928588
12.375,45.146,23,1.96135687828064,33,0.0420000000000016,1.53912381928588
12.375,45.146,24,1.90103650093079,33,0.0420000000000016,1.53912381928588
12.375,45.146,25,1.02736794948578,33,0.0420000000000016,1.53912381928588
12.375,45.146,26,1.32484459877014,33,0.0420000000000016,1.53912381928588
12.375,45.146,27,1.32084441184998,33,0.0420000000000016,1.53912381928588
12.375,45.146,28,1.10096740722656,33,0.0420000000000016,1.53912381928588
12.375,45.146,29,0.906659245491028,33,0.0420000000000016,1.53912381928588
12.375,45.146,30,1.18503618240356,33,0.0420000000000016,1.53912381928588
12.375,45.146,31,1.10943567752838,33,0.0420000000000016,1.53912381928588
12.375,45.146,32,0.644445061683655,33,0.0420000000000016,1.53912381928588
12.375,45.146,33,1.85701131820679,33,0.0420000000000016,1.53912381928588
12.375,45.146,34,1.34240198135376,33,0.0420000000000016,1.53912381928588
12.375,45.146,35,1.49566531181335,33,0.0420000000000016,1.53912381928588
12.375,45.146,36,1.15580785274506,33,0.0420000000000016,1.53912381928588
12.375,45.146,37,1.22324061393738,33,0.0420000000000016,1.53912381928588
12.375,45.146,38,0.769655108451843,33,0.0420000000000016,1.53912381928588
12.375,45.146,39,0.713901162147522,33,0.0420000000000016,1.53912381928588
12.375,45.146,40,1.16864025592804,33,0.0420000000000016,1.53912381928588
12.375,45.146,41,0.851822674274445,33,0.0420000000000016,1.53912381928588
12.375,45.146,42,1.05171489715576,33,0.0420000000000016,1.53912381928588
12.375,45.146,43,1.38012897968292,33,0.0420000000000016,1.53912381928588
12.375,45.146,44,1.18284547328949,33,0.0420000000000016,1.53912381928588
12.375,45.146,45,1.49585127830505,33,0.0420000000000016,1.53912381928588
12.375,45.146,46,1.7676477432251,33,0.0420000000000016,1.53912381928588
12.375,45.146,47,1.57240033149719,33,0.0420000000000016,1.53912381928588
12.375,45.146,48,1.93660449981689,33,0.0420000000000016,1.53912381928588
12.375,45.146,49,1.79702472686768,33,0.0420000000000016,1.53912381928588
12.375,45.146,50,2.11228346824646,33,0.0420000000000016,1.53912381928588
12.375,45.146,51,1.82837390899658,33,0.0420000000000016,1.53912381928588
12.375,45.146,52,1.36323308944702,33,0.0420000000000016,1.53912381928588
12.375,45.146,53,1.59838080406189,33,0.0420000000000016,1.53912381928588
13.542,45.146,1,0.0815357193350792,86,0.0420000000000016,4.0663212807687
13.542,45.146,2,0.084501177072525,86,0.0420000000000016,4.0663212807687
13.542,45.146,3,0.0759194567799568,86,0.0420000000000016,4.0663212807687
13.542,45.146,4,0.0757449045777321,86,0.0420000000000016,4.0663212807687
13.542,45.146,5,0.0944249033927917,86,0.0420000000000016,4.0663212807687
13.542,45.146,6,0.0912599563598633,86,0.0420000000000016,4.0663212807687
13.542,45.146,7,0.0763362944126129,86,0.0420000000000016,4.0663212807687
13.542,45.146,8,0.0839913114905357,86,0.0420000000000016,4.0663212807687
13.542,45.146,9,0.106444858014584,86,0.0420000000000016,4.0663212807687
13.542,45.146,10,0.100132331252098,86,0.0420000000000016,4.0663212807687
13.542,45.146,11,0.0927659496665001,86,0.0420000000000016,4.0663212807687
13.542,45.146,12,0.085195004940033,86,0.0420000000000016,4.0663212807687
13.542,45.146,13,0.0872666090726852,86,0.0420000000000016,4.0663212807687
13.542,45.146,14,0.103787533938885,86,0.0420000000000016,4.0663212807687
13.542,45.146,15,0.119316779077053,86,0.0420000000000016,4.0663212807687
13.542,45.146,16,0.1082479134202,86,0.0420000000000016,4.0663212807687
13.542,45.146,17,0.192101061344147,86,0.0420000000000016,4.0663212807687
13.542,45.146,18,0.263608545064926,86,0.0420000000000016,4.0663212807687
13.542,45.146,19,0.270501613616943,86,0.0420000000000016,4.0663212807687
13.542,45.146,20,0.2248405367136,86,0.0420000000000016,4.0663212807687
13.542,45.146,21,0.277890503406525,86,0.0420000000000016,4.0663212807687
13.542,45.146,22,0.533936083316803,86,0.0420000000000016,4.0663212807687
13.542,45.146,23,0.547454655170441,86,0.0420000000000016,4.0663212807687
13.542,45.146,24,0.707146644592285,86,0.0420000000000016,4.0663212807687
13.542,45.146,25,0.585264325141907,86,0.0420000000000016,4.0663212807687
13.542,45.146,26,0.620527982711792,86,0.0420000000000016,4.0663212807687
13.542,45.146,27,0.69279146194458,86,0.0420000000000016,4.0663212807687
13.542,45.146,28,0.602796673774719,86,0.0420000000000016,4.0663212807687
13.542,45.146,29,0.32341194152832,86,0.0420000000000016,4.0663212807687
13.542,45.146,30,0.423914790153503,86,0.0420000000000016,4.0663212807687
13.542,45.146,31,0.299689084291458,86,0.0420000000000016,4.0663212807687
13.542,45.146,32,0.225187107920647,86,0.0420000000000016,4.0663212807687
13.542,45.146,33,0.386938542127609,86,0.0420000000000016,4.0663212807687
13.542,45.146,34,0.454200625419617,86,0.0420000000000016,4.0663212807687
13.542,45.146,35,0.413246214389801,86,0.0420000000000016,4.0663212807687
13.542,45.146,36,0.451842546463013,86,0.0420000000000016,4.0663212807687
13.542,45.146,37,0.420501857995987,86,0.0420000000000016,4.0663212807687
13.542,45.146,38,0.394166797399521,86,0.0420000000000016,4.0663212807687
13.542,45.146,39,0.270215600728989,86,0.0420000000000016,4.0663212807687
13.542,45.146,40,0.332501977682114,86,0.0420000000000016,4.0663212807687
13.542,45.146,41,0.415945380926132,86,0.0420000000000016,4.0663212807687
13.542,45.146,42,0.228371560573578,86,0.0420000000000016,4.0663212807687
13.542,45.146,43,0.191941320896149,86,0.0420000000000016,4.0663212807687
13.542,45.146,44,0.258786588907242,86,0.0420000000000016,4.0663212807687
13.542,45.146,45,0.299869000911713,86,0.0420000000000016,4.0663212807687
13.542,45.146,46,0.302500754594803,86,0.0420000000000016,4.0663212807687
13.542,45.146,47,0.293533504009247,86,0.0420000000000016,4.0663212807687
13.542,45.146,48,0.232012093067169,86,0.0420000000000016,4.0663212807687
13.542,45.146,49,0.147003844380379,86,0.0420000000000016,4.0663212807687
13.542,45.146,50,0.133028864860535,86,0.0420000000000016,4.0663212807687
13.542,45.146,51,0.147590294480324,86,0.0420000000000016,4.0663212807687
13.542,45.146,52,0.09757961332798,86,0.0420000000000016,4.0663212807687
13.542,45.146,53,0.0927922800183296,86,0.0420000000000016,4.0663212807687
12.375,45.104,1,0.930685043334961,32,0.0586941223633144,1.49712381928588
12.375,45.104,2,1.24605941772461,32,0.0586941223633144,1.49712381928588
12.375,45.104,3,2.11579585075378,32,0.0586941223633144,1.49712381928588
12.375,45.104,4,1.38274919986725,32,0.0586941223633144,1.49712381928588
12.375,45.104,5,1.191077709198,32,0.0586941223633144,1.49712381928588
12.375,45.104,6,1.1506130695343,32,0.0586941223633144,1.49712381928588
12.375,45.104,7,1.08057451248169,32,0.0586941223633144,1.49712381928588
12.375,45.104,8,0.842945575714111,32,0.0586941223633144,1.49712381928588
12.375,45.104,9,0.904419004917145,32,0.0586941223633144,1.49712381928588
12.375,45.104,10,1.22624969482422,32,0.0586941223633144,1.49712381928588
12.375,45.104,11,1.0943318605423,32,0.0586941223633144,1.49712381928588
12.375,45.104,12,1.13523423671722,32,0.0586941223633144,1.49712381928588
12.375,45.104,13,1.56587648391724,32,0.0586941223633144,1.49712381928588
12.375,45.104,14,1.08574676513672,32,0.0586941223633144,1.49712381928588
12.375,45.104,15,1.33186769485474,32,0.0586941223633144,1.49712381928588
12.375,45.104,16,1.51505863666534,32,0.0586941223633144,1.49712381928588
12.375,45.104,17,1.76298069953918,32,0.0586941223633144,1.49712381928588
12.375,45.104,18,1.17852067947388,32,0.0586941223633144,1.49712381928588
12.375,45.104,19,1.05581593513489,32,0.0586941223633144,1.49712381928588
12.375,45.104,20,1.1803320646286,32,0.0586941223633144,1.49712381928588
12.375,45.104,21,2.03174734115601,32,0.0586941223633144,1.49712381928588
12.375,45.104,22,2.29011416435242,32,0.0586941223633144,1.49712381928588
12.375,45.104,23,2.21153593063354,32,0.0586941223633144,1.49712381928588
12.375,45.104,24,1.9861958026886,32,0.0586941223633144,1.49712381928588
12.375,45.104,25,1.02175033092499,32,0.0586941223633144,1.49712381928588
12.375,45.104,26,1.41774344444275,32,0.0586941223633144,1.49712381928588
12.375,45.104,27,1.49868655204773,32,0.0586941223633144,1.49712381928588
12.375,45.104,28,1.19153618812561,32,0.0586941223633144,1.49712381928588
12.375,45.104,29,0.841648101806641,32,0.0586941223633144,1.49712381928588
12.375,45.104,30,1.28270196914673,32,0.0586941223633144,1.49712381928588
12.375,45.104,31,1.16443228721619,32,0.0586941223633144,1.49712381928588
12.375,45.104,32,0.616707742214203,32,0.0586941223633144,1.49712381928588
12.375,45.104,33,2.17683792114258,32,0.0586941223633144,1.49712381928588
12.375,45.104,34,1.46033525466919,32,0.0586941223633144,1.49712381928588
12.375,45.104,35,1.58575320243835,32,0.0586941223633144,1.49712381928588
12.375,45.104,36,1.24313974380493,32,0.0586941223633144,1.49712381928588
12.375,45.104,37,1.32714319229126,32,0.0586941223633144,1.49712381928588
12.375,45.104,38,0.848756670951843,32,0.0586941223633144,1.49712381928588
12.375,45.104,39,0.728240072727203,32,0.0586941223633144,1.49712381928588
12.375,45.104,40,1.24291276931763,32,0.0586941223633144,1.49712381928588
12.375,45.104,41,0.91291606426239,32,0.0586941223633144,1.49712381928588
12.375,45.104,42,1.16434073448181,32,0.0586941223633144,1.49712381928588
12.375,45.104,43,1.73144245147705,32,0.0586941223633144,1.49712381928588
12.375,45.104,44,1.28279972076416,32,0.0586941223633144,1.49712381928588
12.375,45.104,45,1.68324673175812,32,0.0586941223633144,1.49712381928588
12.375,45.104,46,1.97677874565125,32,0.0586941223633144,1.49712381928588
12.375,45.104,47,1.68377900123596,32,0.0586941223633144,1.49712381928588
12.375,45.104,48,2.0569167137146,32,0.0586941223633144,1.49712381928588
12.375,45.104,49,2.2304949760437,32,0.0586941223633144,1.49712381928588
12.375,45.104,50,2.56367015838623,32,0.0586941223633144,1.49712381928588
12.375,45.104,51,2.00094652175903,32,0.0586941223633144,1.49712381928588
12.375,45.104,52,1.63032507896423,32,0.0586941223633144,1.49712381928588
12.375,45.104,53,1.98904836177826,32,0.0586941223633144,1.49712381928588
12.417,45.063,1,1.01215410232544,31,0.0410000000000004,1.43842969692257
12.417,45.063,2,1.29623353481293,31,0.0410000000000004,1.43842969692257
12.417,45.063,3,1.89758217334747,31,0.0410000000000004,1.43842969692257
12.417,45.063,4,1.46541571617126,31,0.0410000000000004,1.43842969692257
12.417,45.063,5,1.06383323669434,31,0.0410000000000004,1.43842969692257
12.417,45.063,6,1.21353220939636,31,0.0410000000000004,1.43842969692257
12.417,45.063,7,1.21579670906067,31,0.0410000000000004,1.43842969692257
12.417,45.063,8,0.813045918941498,31,0.0410000000000004,1.43842969692257
12.417,45.063,9,0.9101881980896,31,0.0410000000000004,1.43842969692257
12.417,45.063,10,1.17822313308716,31,0.0410000000000004,1.43842969692257
12.417,45.063,11,1.09504270553589,31,0.0410000000000004,1.43842969692257
12.417,45.063,12,1.12036979198456,31,0.0410000000000004,1.43842969692257
12.417,45.063,13,1.49209523200989,31,0.0410000000000004,1.43842969692257
12.417,45.063,14,1.16981649398804,31,0.0410000000000004,1.43842969692257
12.417,45.063,15,1.32054007053375,31,0.0410000000000004,1.43842969692257
12.417,45.063,16,1.60183954238892,31,0.0410000000000004,1.43842969692257
12.417,45.063,17,1.88527417182922,31,0.0410000000000004,1.43842969692257
12.417,45.063,18,1.27021980285645,31,0.0410000000000004,1.43842969692257
12.417,45.063,19,1.11127507686615,31,0.0410000000000004,1.43842969692257
12.417,45.063,20,1.29249608516693,31,0.0410000000000004,1.43842969692257
12.417,45.063,21,2.10906934738159,31,0.0410000000000004,1.43842969692257
12.417,45.063,22,2.64285612106323,31,0.0410000000000004,1.43842969692257
12.417,45.063,23,2.44077014923096,31,0.0410000000000004,1.43842969692257
12.417,45.063,24,2.0362114906311,31,0.0410000000000004,1.43842969692257
12.417,45.063,25,1.04543590545654,31,0.0410000000000004,1.43842969692257
12.417,45.063,26,1.41855478286743,31,0.0410000000000004,1.43842969692257
12.417,45.063,27,1.62366127967834,31,0.0410000000000004,1.43842969692257
12.417,45.063,28,1.24713027477264,31,0.0410000000000004,1.43842969692257
12.417,45.063,29,0.739030480384827,31,0.0410000000000004,1.43842969692257
12.417,45.063,30,1.29388868808746,31,0.0410000000000004,1.43842969692257
12.417,45.063,31,1.18449926376343,31,0.0410000000000004,1.43842969692257
12.417,45.063,32,0.614939212799072,31,0.0410000000000004,1.43842969692257
12.417,45.063,33,2.614985704422,31,0.0410000000000004,1.43842969692257
12.417,45.063,34,1.54969811439514,31,0.0410000000000004,1.43842969692257
12.417,45.063,35,1.47270572185516,31,0.0410000000000004,1.43842969692257
12.417,45.063,36,1.28550493717194,31,0.0410000000000004,1.43842969692257
12.417,45.063,37,1.42076671123505,31,0.0410000000000004,1.43842969692257
12.417,45.063,38,0.885230183601379,31,0.0410000000000004,1.43842969692257
12.417,45.063,39,0.759706020355225,31,0.0410000000000004,1.43842969692257
12.417,45.063,40,1.40275895595551,31,0.0410000000000004,1.43842969692257
12.417,45.063,41,0.988227844238281,31,0.0410000000000004,1.43842969692257
12.417,45.063,42,1.22869992256165,31,0.0410000000000004,1.43842969692257
12.417,45.063,43,2.05793523788452,31,0.0410000000000004,1.43842969692257
12.417,45.063,44,1.43990278244019,31,0.0410000000000004,1.43842969692257
12.417,45.063,45,1.76738882064819,31,0.0410000000000004,1.43842969692257
12.417,45.063,46,2.20171809196472,31,0.0410000000000004,1.43842969692257
12.417,45.063,47,1.79574429988861,31,0.0410000000000004,1.43842969692257
12.417,45.063,48,2.16699743270874,31,0.0410000000000004,1.43842969692257
12.417,45.063,49,2.62348794937134,31,0.0410000000000004,1.43842969692257
12.417,45.063,50,3.25632119178772,31,0.0410000000000004,1.43842969692257
12.417,45.063,51,1.89165890216827,31,0.0410000000000004,1.43842969692257
12.417,45.063,52,1.90027594566345,31,0.0410000000000004,1.43842969692257
12.417,45.063,53,2.33635950088501,31,0.0410000000000004,1.43842969692257
12.458,45.063,1,0.906745553016663,30,0.059396969619671,1.39742969692257
12.458,45.063,2,1.16571044921875,30,0.059396969619671,1.39742969692257
12.458,45.063,3,1.71074509620667,30,0.059396969619671,1.39742969692257
12.458,45.063,4,1.39062178134918,30,0.059396969619671,1.39742969692257
12.458,45.063,5,0.885446429252625,30,0.059396969619671,1.39742969692257
12.458,45.063,6,1.04292118549347,30,0.059396969619671,1.39742969692257
12.458,45.063,7,1.18188953399658,30,0.059396969619671,1.39742969692257
12.458,45.063,8,0.716696739196777,30,0.059396969619671,1.39742969692257
12.458,45.063,9,0.800227761268616,30,0.059396969619671,1.39742969692257
12.458,45.063,10,1.05566835403442,30,0.059396969619671,1.39742969692257
12.458,45.063,11,0.994919061660767,30,0.059396969619671,1.39742969692257
12.458,45.063,12,0.998572945594788,30,0.059396969619671,1.39742969692257
12.458,45.063,13,1.33960604667664,30,0.059396969619671,1.39742969692257
12.458,45.063,14,1.06632792949677,30,0.059396969619671,1.39742969692257
12.458,45.063,15,1.20311045646667,30,0.059396969619671,1.39742969692257
12.458,45.063,16,1.53183269500732,30,0.059396969619671,1.39742969692257
12.458,45.063,17,1.76706099510193,30,0.059396969619671,1.39742969692257
12.458,45.063,18,1.19187617301941,30,0.059396969619671,1.39742969692257
12.458,45.063,19,1.0450667142868,30,0.059396969619671,1.39742969692257
12.458,45.063,20,1.23195385932922,30,0.059396969619671,1.39742969692257
12.458,45.063,21,2.01634454727173,30,0.059396969619671,1.39742969692257
12.458,45.063,22,2.53457164764404,30,0.059396969619671,1.39742969692257
12.458,45.063,23,2.32439136505127,30,0.059396969619671,1.39742969692257
12.458,45.063,24,1.95712184906006,30,0.059396969619671,1.39742969692257
12.458,45.063,25,1.06208562850952,30,0.059396969619671,1.39742969692257
12.458,45.063,26,1.33906018733978,30,0.059396969619671,1.39742969692257
12.458,45.063,27,1.53437113761902,30,0.059396969619671,1.39742969692257
12.458,45.063,28,1.20768213272095,30,0.059396969619671,1.39742969692257
12.458,45.063,29,0.701424837112427,30,0.059396969619671,1.39742969692257
12.458,45.063,30,1.25040698051453,30,0.059396969619671,1.39742969692257
12.458,45.063,31,1.18229794502258,30,0.059396969619671,1.39742969692257
12.458,45.063,32,0.647150158882141,30,0.059396969619671,1.39742969692257
12.458,45.063,33,2.54979133605957,30,0.059396969619671,1.39742969692257
12.458,45.063,34,1.5145435333252,30,0.059396969619671,1.39742969692257
12.458,45.063,35,1.35232198238373,30,0.059396969619671,1.39742969692257
12.458,45.063,36,1.25363171100616,30,0.059396969619671,1.39742969692257
12.458,45.063,37,1.37108731269836,30,0.059396969619671,1.39742969692257
12.458,45.063,38,0.836360216140747,30,0.059396969619671,1.39742969692257
12.458,45.063,39,0.795005261898041,30,0.059396969619671,1.39742969692257
12.458,45.063,40,1.33237838745117,30,0.059396969619671,1.39742969692257
12.458,45.063,41,0.984915494918823,30,0.059396969619671,1.39742969692257
12.458,45.063,42,1.20101451873779,30,0.059396969619671,1.39742969692257
12.458,45.063,43,1.88118720054626,30,0.059396969619671,1.39742969692257
12.458,45.063,44,1.37882125377655,30,0.059396969619671,1.39742969692257
12.458,45.063,45,1.68749272823334,30,0.059396969619671,1.39742969692257
12.458,45.063,46,2.1653733253479,30,0.059396969619671,1.39742969692257
12.458,45.063,47,1.76199233531952,30,0.059396969619671,1.39742969692257
12.458,45.063,48,2.18519639968872,30,0.059396969619671,1.39742969692257
12.458,45.063,49,2.50691556930542,30,0.059396969619671,1.39742969692257
12.458,45.063,50,3.11280560493469,30,0.059396969619671,1.39742969692257
12.458,45.063,51,1.72497248649597,30,0.059396969619671,1.39742969692257
12.458,45.063,52,1.77530324459076,30,0.059396969619671,1.39742969692257
12.458,45.063,53,2.14905333518982,30,0.059396969619671,1.39742969692257
12.5,45.021,1,0.878593325614929,29,0.0420000000000016,1.3380327273029
12.5,45.021,2,1.00632643699646,29,0.0420000000000016,1.3380327273029
12.5,45.021,3,1.24271547794342,29,0.0420000000000016,1.3380327273029
12.5,45.021,4,1.26919496059418,29,0.0420000000000016,1.3380327273029
12.5,45.021,5,0.714409172534943,29,0.0420000000000016,1.3380327273029
12.5,45.021,6,0.982465624809265,29,0.0420000000000016,1.3380327273029
12.5,45.021,7,1.28421819210052,29,0.0420000000000016,1.3380327273029
12.5,45.021,8,0.686659038066864,29,0.0420000000000016,1.3380327273029
12.5,45.021,9,0.677936971187592,29,0.0420000000000016,1.3380327273029
12.5,45.021,10,0.970060706138611,29,0.0420000000000016,1.3380327273029
12.5,45.021,11,0.917893648147583,29,0.0420000000000016,1.3380327273029
12.5,45.021,12,0.906926929950714,29,0.0420000000000016,1.3380327273029
12.5,45.021,13,1.17104125022888,29,0.0420000000000016,1.3380327273029
12.5,45.021,14,0.941268801689148,29,0.0420000000000016,1.3380327273029
12.5,45.021,15,1.01379799842834,29,0.0420000000000016,1.3380327273029
12.5,45.021,16,1.38036179542542,29,0.0420000000000016,1.3380327273029
12.5,45.021,17,1.67276978492737,29,0.0420000000000016,1.3380327273029
12.5,45.021,18,1.17621374130249,29,0.0420000000000016,1.3380327273029
12.5,45.021,19,0.956956148147583,29,0.0420000000000016,1.3380327273029
12.5,45.021,20,1.25076413154602,29,0.0420000000000016,1.3380327273029
12.5,45.021,21,1.77263069152832,29,0.0420000000000016,1.3380327273029
12.5,45.021,22,2.296715259552,29,0.0420000000000016,1.3380327273029
12.5,45.021,23,2.16745281219482,29,0.0420000000000016,1.3380327273029
12.5,45.021,24,1.79176962375641,29,0.0420000000000016,1.3380327273029
12.5,45.021,25,1.00188004970551,29,0.0420000000000016,1.3380327273029
12.5,45.021,26,1.28090977668762,29,0.0420000000000016,1.3380327273029
12.5,45.021,27,1.39597368240356,29,0.0420000000000016,1.3380327273029
12.5,45.021,28,1.06312799453735,29,0.0420000000000016,1.3380327273029
12.5,45.021,29,0.595422983169556,29,0.0420000000000016,1.3380327273029
12.5,45.021,30,1.1102374792099,29,0.0420000000000016,1.3380327273029
12.5,45.021,31,1.06291270256042,29,0.0420000000000016,1.3380327273029
12.5,45.021,32,0.57738584280014,29,0.0420000000000016,1.3380327273029
12.5,45.021,33,2.3239426612854,29,0.0420000000000016,1.3380327273029
12.5,45.021,34,1.31209230422974,29,0.0420000000000016,1.3380327273029
12.5,45.021,35,1.17504680156708,29,0.0420000000000016,1.3380327273029
12.5,45.021,36,1.14543986320496,29,0.0420000000000016,1.3380327273029
12.5,45.021,37,1.48894715309143,29,0.0420000000000016,1.3380327273029
12.5,45.021,38,0.783717274665833,29,0.0420000000000016,1.3380327273029
12.5,45.021,39,0.714677095413208,29,0.0420000000000016,1.3380327273029
12.5,45.021,40,1.2527928352356,29,0.0420000000000016,1.3380327273029
12.5,45.021,41,0.888302981853485,29,0.0420000000000016,1.3380327273029
12.5,45.021,42,1.09333324432373,29,0.0420000000000016,1.3380327273029
12.5,45.021,43,2.04712533950806,29,0.0420000000000016,1.3380327273029
12.5,45.021,44,1.49823260307312,29,0.0420000000000016,1.3380327273029
12.5,45.021,45,1.58493447303772,29,0.0420000000000016,1.3380327273029
12.5,45.021,46,2.07443809509277,29,0.0420000000000016,1.3380327273029
12.5,45.021,47,1.52445781230927,29,0.0420000000000016,1.3380327273029
12.5,45.021,48,1.88199615478516,29,0.0420000000000016,1.3380327273029
12.5,45.021,49,2.654545545578,29,0.0420000000000016,1.3380327273029
12.5,45.021,50,3.44485712051392,29,0.0420000000000016,1.3380327273029
12.5,45.021,51,1.44201350212097,29,0.0420000000000016,1.3380327273029
12.5,45.021,52,1.65007495880127,29,0.0420000000000016,1.3380327273029
12.5,45.021,53,2.0266969203949,29,0.0420000000000016,1.3380327273029
